timestamp,location,sensor,value
2023-12-31T19:02:00.000Z,zone-c,humidity,56.4
2023-12-31T20:23:00.000Z,zone-a,pressure,1000.1
2023-12-31T21:16:00.000Z,zone-b,humidity,42.2
2023-12-31T23:19:00.000Z,zone-c,pressure,993.7
2023-12-31T23:21:00.000Z,zone-a,light,242
2024-01-01T01:39:00.000Z,zone-c,light,201.8
2024-01-01T02:43:00.000Z,zone-b,light,749.1
2024-01-01T02:49:00.000Z,zone-a,temperature,19.9
2024-01-01T02:57:00.000Z,zone-c,temperature,22.9
2024-01-01T12:41:00.000Z,zone-b,pressure,992.7
2024-01-01T14:25:00.000Z,zone-b,temperature,32.4
2024-01-01T15:06:00.000Z,zone-a,humidity,39.2
2024-01-01T15:11:00.000Z,zone-d,light,853.9
2024-01-01T15:46:00.000Z,zone-d,pressure,1007.7
2024-01-01T15:47:00.000Z,zone-d,temperature,29.1
2024-01-01T16:58:00.000Z,zone-d,humidity,58.6
2024-01-01T19:10:00.000Z,zone-d,pressure,1003.7
2024-01-01T22:01:00.000Z,zone-b,temperature,27.6
2024-01-01T22:18:00.000Z,zone-c,light,280.1
2024-01-02T01:01:00.000Z,zone-d,light,866.5
2024-01-02T03:53:00.000Z,zone-d,temperature,16.4
2024-01-02T04:14:00.000Z,zone-a,humidity,38.6
2024-01-02T04:15:00.000Z,zone-a,temperature,30.3
2024-01-02T04:33:00.000Z,zone-a,pressure,992.3
2024-01-02T05:10:00.000Z,zone-b,humidity,39.5
2024-01-02T06:51:00.000Z,zone-a,light,626.4
2024-01-02T12:11:00.000Z,zone-c,humidity,33.8
2024-01-02T14:50:00.000Z,zone-c,temperature,23.6
2024-01-02T15:06:00.000Z,zone-c,pressure,1004.6
2024-01-02T16:33:00.000Z,zone-b,pressure,1003.6
2024-01-02T17:26:00.000Z,zone-d,humidity,35.2
2024-01-02T17:59:00.000Z,zone-b,light,319.6
2024-01-02T20:03:00.000Z,zone-d,light,111.3
2024-01-02T20:40:00.000Z,zone-c,temperature,34.7
2024-01-02T22:22:00.000Z,zone-c,pressure,992.6
2024-01-03T01:39:00.000Z,zone-a,light,874.8
2024-01-03T02:41:00.000Z,zone-c,humidity,72.7
2024-01-03T04:19:00.000Z,zone-b,temperature,27.7
2024-01-03T04:20:00.000Z,zone-d,temperature,18.8
2024-01-03T07:41:00.000Z,zone-c,light,819.9
2024-01-03T08:29:00.000Z,zone-b,humidity,53.3
2024-01-03T10:36:00.000Z,zone-d,humidity,74.8
2024-01-03T11:23:00.000Z,zone-d,pressure,996.6
2024-01-03T15:07:00.000Z,zone-b,pressure,999.5
2024-01-03T15:17:00.000Z,zone-a,humidity,38
2024-01-03T15:37:00.000Z,zone-b,light,885.7
2024-01-03T17:27:00.000Z,zone-a,pressure,996.5
2024-01-03T18:04:00.000Z,zone-a,temperature,26.1
2024-01-03T19:54:00.000Z,zone-b,humidity,70.7
2024-01-04T01:37:00.000Z,zone-b,pressure,1012.8
2024-01-04T01:59:00.000Z,zone-b,light,877.7
2024-01-04T03:32:00.000Z,zone-c,temperature,34.5
2024-01-04T03:49:00.000Z,zone-a,temperature,23
2024-01-04T04:04:00.000Z,zone-d,temperature,19.3
2024-01-04T06:29:00.000Z,zone-a,light,376
2024-01-04T09:22:00.000Z,zone-d,pressure,1018.8
2024-01-04T09:36:00.000Z,zone-a,pressure,1016.3
2024-01-04T09:41:00.000Z,zone-a,humidity,66.4
2024-01-04T10:20:00.000Z,zone-c,pressure,993.9
2024-01-04T10:55:00.000Z,zone-c,humidity,73.6
2024-01-04T12:36:00.000Z,zone-c,light,702.5
2024-01-04T13:17:00.000Z,zone-d,humidity,63.9
2024-01-04T14:39:00.000Z,zone-d,light,782.2
2024-01-04T18:14:00.000Z,zone-b,temperature,18.8
2024-01-04T19:15:00.000Z,zone-b,light,777.2
2024-01-05T00:19:00.000Z,zone-d,light,334.1
2024-01-05T00:47:00.000Z,zone-a,pressure,992.4
2024-01-05T02:47:00.000Z,zone-a,humidity,58
2024-01-05T03:46:00.000Z,zone-c,pressure,1009
2024-01-05T05:32:00.000Z,zone-b,temperature,16.3
2024-01-05T08:16:00.000Z,zone-c,humidity,66.8
2024-01-05T08:36:00.000Z,zone-a,temperature,20.7
2024-01-05T09:07:00.000Z,zone-c,temperature,19.7
2024-01-05T09:42:00.000Z,zone-d,pressure,1016.9
2024-01-05T10:42:00.000Z,zone-c,light,356.6
2024-01-05T11:36:00.000Z,zone-b,pressure,1009.8
2024-01-05T12:07:00.000Z,zone-d,temperature,23.5
2024-01-05T12:17:00.000Z,zone-b,humidity,57.2
2024-01-05T14:30:00.000Z,zone-d,humidity,46.4
2024-01-05T15:04:00.000Z,zone-a,light,105.4
2024-01-05T20:29:00.000Z,zone-b,temperature,27.7
2024-01-05T20:37:00.000Z,zone-a,light,597
2024-01-05T21:39:00.000Z,zone-c,humidity,66.3
2024-01-05T22:23:00.000Z,zone-d,humidity,52.4
2024-01-05T22:44:00.000Z,zone-b,light,610.1
2024-01-05T23:42:00.000Z,zone-d,pressure,1011.8
2024-01-06T01:07:00.000Z,zone-c,pressure,1007.3
2024-01-06T02:25:00.000Z,zone-d,temperature,30.1
2024-01-06T02:59:00.000Z,zone-b,humidity,44.9
2024-01-06T05:54:00.000Z,zone-b,pressure,1012.6
2024-01-06T08:07:00.000Z,zone-a,pressure,1008.3
2024-01-06T09:54:00.000Z,zone-a,temperature,31.3
2024-01-06T13:01:00.000Z,zone-d,light,802.6
2024-01-06T13:25:00.000Z,zone-c,temperature,30.6
2024-01-06T14:38:00.000Z,zone-c,light,558.5
2024-01-06T15:21:00.000Z,zone-a,humidity,57.6
2024-01-06T18:46:00.000Z,zone-a,light,383.8
2024-01-06T20:57:00.000Z,zone-d,temperature,31.3
2024-01-06T21:49:00.000Z,zone-c,pressure,1000.7
2024-01-06T22:04:00.000Z,zone-b,light,728.2
2024-01-07T00:08:00.000Z,zone-b,pressure,1008.6
2024-01-07T01:56:00.000Z,zone-d,light,125.9
2024-01-07T02:46:00.000Z,zone-c,light,179.2
2024-01-07T05:20:00.000Z,zone-c,humidity,68.3
2024-01-07T06:21:00.000Z,zone-d,pressure,1005.3
2024-01-07T08:16:00.000Z,zone-b,temperature,29.9
2024-01-07T08:52:00.000Z,zone-a,pressure,1012.5
2024-01-07T11:55:00.000Z,zone-b,humidity,41.6
2024-01-07T12:11:00.000Z,zone-a,humidity,36.1
2024-01-07T12:20:00.000Z,zone-c,temperature,22.5
2024-01-07T16:17:00.000Z,zone-d,humidity,57.2
2024-01-07T16:34:00.000Z,zone-a,temperature,30.8
2024-01-07T18:45:00.000Z,zone-a,pressure,1007.7
2024-01-07T18:50:00.000Z,zone-b,humidity,38.8
2024-01-07T21:52:00.000Z,zone-c,pressure,995.8
2024-01-07T22:17:00.000Z,zone-b,light,298.5
2024-01-07T23:04:00.000Z,zone-a,light,538
2024-01-08T00:17:00.000Z,zone-a,temperature,27.6
2024-01-08T00:17:00.000Z,zone-b,temperature,15.3
2024-01-08T02:49:00.000Z,zone-d,humidity,41.7
2024-01-08T05:43:00.000Z,zone-c,temperature,16.2
2024-01-08T06:04:00.000Z,zone-d,temperature,30
2024-01-08T07:54:00.000Z,zone-a,humidity,30.8
2024-01-08T11:47:00.000Z,zone-d,light,662.9
2024-01-08T12:26:00.000Z,zone-d,pressure,1016.6
2024-01-08T13:03:00.000Z,zone-c,humidity,65.7
2024-01-08T13:10:00.000Z,zone-b,pressure,1002.9
2024-01-08T16:24:00.000Z,zone-c,light,426.5
2024-01-08T19:22:00.000Z,zone-b,temperature,27.2
2024-01-08T19:45:00.000Z,zone-c,humidity,71.4
2024-01-08T20:25:00.000Z,zone-d,pressure,1009.7
2024-01-08T23:40:00.000Z,zone-d,light,228.7
2024-01-09T00:05:00.000Z,zone-a,pressure,1005.1
2024-01-09T00:09:00.000Z,zone-b,pressure,1001.4
2024-01-09T01:00:00.000Z,zone-b,humidity,43.3
2024-01-09T03:35:00.000Z,zone-b,light,237.6
2024-01-09T04:21:00.000Z,zone-d,temperature,28.1
2024-01-09T04:25:00.000Z,zone-c,light,204.9
2024-01-09T07:25:00.000Z,zone-c,temperature,24
2024-01-09T09:26:00.000Z,zone-a,humidity,60.2
2024-01-09T09:40:00.000Z,zone-a,light,889.1
2024-01-09T10:27:00.000Z,zone-a,temperature,16.9
2024-01-09T17:38:00.000Z,zone-c,pressure,996.4
2024-01-09T18:09:00.000Z,zone-d,humidity,52.7
2024-01-09T18:41:00.000Z,zone-a,pressure,997.3
2024-01-09T23:48:00.000Z,zone-d,pressure,998.1
2024-01-09T23:54:00.000Z,zone-d,light,137.6
2024-01-09T23:58:00.000Z,zone-a,temperature,32
2024-01-10T00:29:00.000Z,zone-d,humidity,40.1
2024-01-10T00:44:00.000Z,zone-b,pressure,1019.7
2024-01-10T03:45:00.000Z,zone-c,light,308.1
2024-01-10T06:09:00.000Z,zone-d,temperature,34.4
2024-01-10T06:27:00.000Z,zone-c,humidity,64.7
2024-01-10T06:35:00.000Z,zone-a,humidity,48
2024-01-10T08:03:00.000Z,zone-b,light,642.1
2024-01-10T08:08:00.000Z,zone-b,temperature,18.2
2024-01-10T08:35:00.000Z,zone-b,humidity,48.1
2024-01-10T09:16:00.000Z,zone-a,light,149.6
2024-01-10T15:05:00.000Z,zone-c,temperature,17.1
2024-01-10T18:16:00.000Z,zone-c,pressure,1018.3
2024-01-10T21:35:00.000Z,zone-b,humidity,65.9
2024-01-10T22:44:00.000Z,zone-d,light,398.3
2024-01-10T22:53:00.000Z,zone-a,humidity,48.7
2024-01-11T00:52:00.000Z,zone-d,humidity,71.7
2024-01-11T00:54:00.000Z,zone-d,temperature,21.6
2024-01-11T01:14:00.000Z,zone-c,pressure,1013.9
2024-01-11T01:38:00.000Z,zone-b,light,609
2024-01-11T02:11:00.000Z,zone-c,temperature,24.8
2024-01-11T02:13:00.000Z,zone-b,pressure,1014.4
2024-01-11T10:23:00.000Z,zone-d,pressure,1006.6
2024-01-11T11:28:00.000Z,zone-c,light,888.7
2024-01-11T11:36:00.000Z,zone-a,light,539.8
2024-01-11T12:38:00.000Z,zone-b,temperature,24.9
2024-01-11T14:03:00.000Z,zone-a,pressure,1001.2
2024-01-11T17:12:00.000Z,zone-c,humidity,68.7
2024-01-11T18:08:00.000Z,zone-a,temperature,34
2024-01-11T19:05:00.000Z,zone-c,light,539.2
2024-01-12T00:52:00.000Z,zone-c,humidity,42.5
2024-01-12T02:33:00.000Z,zone-c,pressure,999.1
2024-01-12T02:42:00.000Z,zone-d,humidity,73.9
2024-01-12T03:28:00.000Z,zone-b,pressure,997.2
2024-01-12T03:50:00.000Z,zone-b,humidity,69.2
2024-01-12T05:17:00.000Z,zone-a,humidity,36.6
2024-01-12T11:21:00.000Z,zone-c,temperature,23.5
2024-01-12T11:35:00.000Z,zone-d,light,340.3
2024-01-12T12:22:00.000Z,zone-b,light,425.6
2024-01-12T13:00:00.000Z,zone-d,pressure,1016.5
2024-01-12T13:06:00.000Z,zone-a,pressure,1001.5
2024-01-12T13:06:00.000Z,zone-b,temperature,30.5
2024-01-12T13:20:00.000Z,zone-d,temperature,30.4
2024-01-12T15:37:00.000Z,zone-a,light,486.7
2024-01-12T16:07:00.000Z,zone-a,temperature,34.1
2024-01-12T20:03:00.000Z,zone-d,humidity,77.4
2024-01-12T20:45:00.000Z,zone-a,humidity,51.6
2024-01-12T22:01:00.000Z,zone-a,pressure,1012.7
2024-01-12T22:58:00.000Z,zone-b,humidity,70.9
2024-01-13T00:01:00.000Z,zone-c,humidity,72.1
2024-01-13T00:12:00.000Z,zone-d,pressure,995.7
2024-01-13T00:51:00.000Z,zone-b,light,271.6
2024-01-13T02:20:00.000Z,zone-a,temperature,25.4
2024-01-13T02:50:00.000Z,zone-b,pressure,1006.4
2024-01-13T06:46:00.000Z,zone-a,light,698.9
2024-01-13T08:13:00.000Z,zone-c,light,363.2
2024-01-13T09:33:00.000Z,zone-b,temperature,31.2
2024-01-13T11:37:00.000Z,zone-c,temperature,28.6
2024-01-13T14:56:00.000Z,zone-d,light,846
2024-01-13T16:04:00.000Z,zone-d,temperature,20.8
2024-01-13T16:58:00.000Z,zone-c,pressure,1010
2024-01-13T19:34:00.000Z,zone-d,temperature,34.1
2024-01-13T19:37:00.000Z,zone-d,light,458
2024-01-13T23:34:00.000Z,zone-a,humidity,62.8
2024-01-14T00:20:00.000Z,zone-b,light,432.7
2024-01-14T02:19:00.000Z,zone-a,light,857.7
2024-01-14T05:34:00.000Z,zone-b,pressure,1006.8
2024-01-14T06:17:00.000Z,zone-a,temperature,15.1
2024-01-14T06:26:00.000Z,zone-d,humidity,52.6
2024-01-14T06:28:00.000Z,zone-c,pressure,1006.9
2024-01-14T08:06:00.000Z,zone-b,temperature,22.4
2024-01-14T10:01:00.000Z,zone-b,humidity,72.8
2024-01-14T12:11:00.000Z,zone-c,temperature,30.5
2024-01-14T12:46:00.000Z,zone-d,pressure,1018.5
2024-01-14T13:48:00.000Z,zone-c,humidity,61.2
2024-01-14T14:54:00.000Z,zone-c,light,308.6
2024-01-14T17:17:00.000Z,zone-a,pressure,1003.1
2024-01-14T18:32:00.000Z,zone-a,temperature,33.5
2024-01-14T22:38:00.000Z,zone-b,temperature,32.1
2024-01-14T22:59:00.000Z,zone-b,pressure,997.8
2024-01-15T01:30:00.000Z,zone-c,light,534.5
2024-01-15T01:58:00.000Z,zone-d,light,800
2024-01-15T02:53:00.000Z,zone-a,humidity,48.6
2024-01-15T03:15:00.000Z,zone-d,humidity,57.8
2024-01-15T05:48:00.000Z,zone-a,pressure,1014.5
2024-01-15T06:40:00.000Z,zone-c,temperature,16.6
2024-01-15T07:25:00.000Z,zone-a,light,681.5
2024-01-15T11:50:00.000Z,zone-c,humidity,56.8
2024-01-15T12:43:00.000Z,zone-d,pressure,990.7
2024-01-15T12:44:00.000Z,zone-b,light,341.4
2024-01-15T14:32:00.000Z,zone-c,pressure,1007.9
2024-01-15T17:42:00.000Z,zone-b,humidity,61.2
2024-01-15T18:29:00.000Z,zone-d,temperature,22
2024-01-15T20:25:00.000Z,zone-d,humidity,76.5
2024-01-15T21:21:00.000Z,zone-b,pressure,1007.9
2024-01-15T21:48:00.000Z,zone-c,light,183.1
2024-01-15T22:45:00.000Z,zone-c,pressure,1015.7
2024-01-16T02:26:00.000Z,zone-a,temperature,21.5
2024-01-16T05:26:00.000Z,zone-a,pressure,1013.9
2024-01-16T06:00:00.000Z,zone-d,pressure,990.5
2024-01-16T08:02:00.000Z,zone-a,humidity,38.7
2024-01-16T10:18:00.000Z,zone-d,temperature,32.3
2024-01-16T11:51:00.000Z,zone-c,temperature,22.4
2024-01-16T11:59:00.000Z,zone-b,temperature,19.1
2024-01-16T12:07:00.000Z,zone-b,light,109.4
2024-01-16T16:11:00.000Z,zone-d,light,501.8
2024-01-16T16:53:00.000Z,zone-b,humidity,77.7
2024-01-16T17:18:00.000Z,zone-a,light,488.4
2024-01-16T17:45:00.000Z,zone-c,humidity,62.8
2024-01-16T19:48:00.000Z,zone-a,pressure,1014.2
2024-01-16T20:28:00.000Z,zone-b,pressure,1018.3
2024-01-16T20:36:00.000Z,zone-b,light,568.5
2024-01-16T20:44:00.000Z,zone-c,light,732.3
2024-01-16T20:51:00.000Z,zone-c,pressure,1001.3
2024-01-16T22:36:00.000Z,zone-d,pressure,1009.7
2024-01-17T00:15:00.000Z,zone-c,temperature,32
2024-01-17T01:23:00.000Z,zone-d,temperature,16.4
2024-01-17T02:58:00.000Z,zone-d,light,410.3
2024-01-17T04:21:00.000Z,zone-c,humidity,78.8
2024-01-17T04:34:00.000Z,zone-d,humidity,48.9
2024-01-17T05:02:00.000Z,zone-a,light,143.1
2024-01-17T06:16:00.000Z,zone-b,humidity,54.6
2024-01-17T07:41:00.000Z,zone-a,temperature,27.8
2024-01-17T12:14:00.000Z,zone-a,humidity,59.4
2024-01-17T17:58:00.000Z,zone-b,temperature,15.7
2024-01-17T20:06:00.000Z,zone-c,pressure,1005.1
2024-01-17T20:26:00.000Z,zone-b,pressure,999.6
2024-01-17T23:59:00.000Z,zone-d,temperature,30.1
2024-01-18T00:32:00.000Z,zone-d,light,500.9
2024-01-18T01:00:00.000Z,zone-c,light,368.4
2024-01-18T02:04:00.000Z,zone-c,temperature,23.3
2024-01-18T02:10:00.000Z,zone-b,light,787.5
2024-01-18T02:25:00.000Z,zone-a,pressure,1010.6
2024-01-18T03:36:00.000Z,zone-c,humidity,58.7
2024-01-18T04:29:00.000Z,zone-d,humidity,77.5
2024-01-18T11:11:00.000Z,zone-a,light,645.8
2024-01-18T13:02:00.000Z,zone-a,humidity,50.4
2024-01-18T15:23:00.000Z,zone-b,humidity,60
2024-01-18T15:41:00.000Z,zone-b,temperature,15.8
2024-01-18T15:48:00.000Z,zone-d,pressure,1002.6
2024-01-18T18:10:00.000Z,zone-a,temperature,27.3
2024-01-18T19:51:00.000Z,zone-a,pressure,1018.8
2024-01-18T21:09:00.000Z,zone-c,temperature,31.6
2024-01-18T22:15:00.000Z,zone-c,humidity,63.5
2024-01-19T00:12:00.000Z,zone-b,humidity,49.9
2024-01-19T00:19:00.000Z,zone-a,temperature,31.4
2024-01-19T00:30:00.000Z,zone-a,humidity,32.2
2024-01-19T01:08:00.000Z,zone-a,light,716.3
2024-01-19T03:39:00.000Z,zone-d,light,666.1
2024-01-19T05:19:00.000Z,zone-b,temperature,18.8
2024-01-19T07:31:00.000Z,zone-b,pressure,1003
2024-01-19T07:52:00.000Z,zone-b,light,214.7
2024-01-19T13:08:00.000Z,zone-c,pressure,993
2024-01-19T14:23:00.000Z,zone-c,light,117.3
2024-01-19T15:04:00.000Z,zone-d,temperature,17.9
2024-01-19T16:40:00.000Z,zone-d,pressure,1005.7
2024-01-19T16:45:00.000Z,zone-d,humidity,60.9
2024-01-19T19:04:00.000Z,zone-a,pressure,1001.5
2024-01-20T01:59:00.000Z,zone-d,humidity,52.6
2024-01-20T02:16:00.000Z,zone-c,humidity,76.3
2024-01-20T02:21:00.000Z,zone-d,pressure,995.2
2024-01-20T02:36:00.000Z,zone-a,temperature,25.3
2024-01-20T03:19:00.000Z,zone-d,temperature,15.8
2024-01-20T03:39:00.000Z,zone-b,temperature,15.9
2024-01-20T08:02:00.000Z,zone-c,temperature,20.5
2024-01-20T08:48:00.000Z,zone-d,light,707.5
2024-01-20T09:33:00.000Z,zone-c,light,296.7
2024-01-20T10:38:00.000Z,zone-b,humidity,49.1
2024-01-20T12:03:00.000Z,zone-a,humidity,31.5
2024-01-20T12:32:00.000Z,zone-b,light,423.2
2024-01-20T15:29:00.000Z,zone-a,light,559
2024-01-20T16:15:00.000Z,zone-b,pressure,1011.5
2024-01-20T16:30:00.000Z,zone-c,pressure,1007.9
2024-01-20T18:46:00.000Z,zone-c,temperature,29.5
2024-01-20T18:54:00.000Z,zone-b,humidity,78.6
2024-01-20T20:00:00.000Z,zone-c,pressure,1012.8
2024-01-20T23:57:00.000Z,zone-d,pressure,1011.1
2024-01-21T00:32:00.000Z,zone-d,temperature,30.8
2024-01-21T02:04:00.000Z,zone-a,temperature,34.3
2024-01-21T03:27:00.000Z,zone-d,humidity,35.3
2024-01-21T04:25:00.000Z,zone-b,light,192.7
2024-01-21T06:32:00.000Z,zone-c,light,351.4
2024-01-21T07:20:00.000Z,zone-d,light,448.2
2024-01-21T10:44:00.000Z,zone-a,humidity,53.2
2024-01-21T11:41:00.000Z,zone-a,pressure,1002.6
2024-01-21T13:06:00.000Z,zone-a,light,745.3
2024-01-21T13:25:00.000Z,zone-b,pressure,1003.3
2024-01-21T15:17:00.000Z,zone-b,temperature,17.3
2024-01-21T16:37:00.000Z,zone-c,humidity,76.9
2024-01-21T19:05:00.000Z,zone-c,light,273
2024-01-21T22:54:00.000Z,zone-c,temperature,25.6
2024-01-21T23:18:00.000Z,zone-d,humidity,62.7
2024-01-22T00:45:00.000Z,zone-a,light,727.3
2024-01-22T00:48:00.000Z,zone-b,pressure,1007.7
2024-01-22T00:53:00.000Z,zone-b,humidity,46.3
2024-01-22T04:42:00.000Z,zone-d,light,893.6
2024-01-22T06:03:00.000Z,zone-d,temperature,32.4
2024-01-22T06:18:00.000Z,zone-a,pressure,1014.8
2024-01-22T08:05:00.000Z,zone-a,temperature,28.7
2024-01-22T08:54:00.000Z,zone-b,light,102.6
2024-01-22T09:00:00.000Z,zone-c,pressure,1003
2024-01-22T11:21:00.000Z,zone-a,humidity,54.5
2024-01-22T12:48:00.000Z,zone-c,humidity,44.6
2024-01-22T14:32:00.000Z,zone-d,pressure,1009.3
2024-01-22T17:06:00.000Z,zone-b,temperature,29
2024-01-22T18:33:00.000Z,zone-c,light,146.2
2024-01-22T18:36:00.000Z,zone-d,temperature,20.7
2024-01-22T19:10:00.000Z,zone-a,pressure,1014.3
2024-01-22T19:38:00.000Z,zone-b,humidity,34.7
2024-01-22T19:48:00.000Z,zone-c,temperature,24.8
2024-01-22T23:49:00.000Z,zone-d,light,190.3
2024-01-23T02:29:00.000Z,zone-c,humidity,71.8
2024-01-23T02:47:00.000Z,zone-a,humidity,51.2
2024-01-23T04:29:00.000Z,zone-d,pressure,1017.1
2024-01-23T05:05:00.000Z,zone-b,light,171.9
2024-01-23T06:05:00.000Z,zone-c,pressure,995.9
2024-01-23T06:52:00.000Z,zone-b,temperature,29.7
2024-01-23T09:22:00.000Z,zone-a,light,824.1
2024-01-23T12:37:00.000Z,zone-d,humidity,35.2
2024-01-23T13:31:00.000Z,zone-a,temperature,16.7
2024-01-23T18:22:00.000Z,zone-b,pressure,1008.7
2024-01-23T18:55:00.000Z,zone-a,light,384.8
2024-01-23T19:08:00.000Z,zone-b,light,616.2
2024-01-23T19:13:00.000Z,zone-b,humidity,54.9
2024-01-23T20:39:00.000Z,zone-d,pressure,994.6
2024-01-23T21:02:00.000Z,zone-c,light,107.4
2024-01-23T22:48:00.000Z,zone-d,temperature,28.4
2024-01-24T02:09:00.000Z,zone-a,pressure,1017.6
2024-01-24T06:05:00.000Z,zone-d,humidity,76.8
2024-01-24T08:00:00.000Z,zone-b,temperature,22.7
2024-01-24T09:56:00.000Z,zone-a,temperature,27.2
2024-01-24T10:22:00.000Z,zone-d,light,718.6
2024-01-24T10:31:00.000Z,zone-c,pressure,1012.1
2024-01-24T10:56:00.000Z,zone-a,humidity,66.6
2024-01-24T11:32:00.000Z,zone-b,pressure,990.7
2024-01-24T13:08:00.000Z,zone-c,humidity,30.3
2024-01-24T15:25:00.000Z,zone-c,temperature,28
2024-01-24T18:59:00.000Z,zone-c,temperature,31.8
2024-01-24T20:35:00.000Z,zone-b,light,774.4
2024-01-24T20:43:00.000Z,zone-a,humidity,55.1
2024-01-24T23:41:00.000Z,zone-d,pressure,1012.1
2024-01-25T01:08:00.000Z,zone-c,humidity,37.7
2024-01-25T06:49:00.000Z,zone-b,pressure,1014.1
2024-01-25T08:37:00.000Z,zone-c,pressure,992.9
2024-01-25T09:58:00.000Z,zone-b,humidity,40.3
2024-01-25T10:14:00.000Z,zone-d,light,208.3
2024-01-25T10:50:00.000Z,zone-a,pressure,990.7
2024-01-25T12:45:00.000Z,zone-d,temperature,16.4
2024-01-25T14:06:00.000Z,zone-b,temperature,29.3
2024-01-25T14:30:00.000Z,zone-d,humidity,65.6
2024-01-25T16:40:00.000Z,zone-a,light,891.8
2024-01-25T17:42:00.000Z,zone-c,light,879.2
2024-01-25T17:47:00.000Z,zone-a,temperature,29.4
2024-01-25T18:32:00.000Z,zone-d,temperature,17.7
2024-01-25T18:47:00.000Z,zone-a,pressure,991.2
2024-01-25T21:49:00.000Z,zone-b,humidity,78.7
2024-01-25T22:31:00.000Z,zone-c,temperature,27.8
2024-01-25T23:29:00.000Z,zone-d,humidity,73.1
2024-01-26T03:22:00.000Z,zone-d,pressure,1005.5
2024-01-26T04:04:00.000Z,zone-c,humidity,44.8
2024-01-26T09:10:00.000Z,zone-a,humidity,31.9
2024-01-26T10:21:00.000Z,zone-c,light,779.6
2024-01-26T10:25:00.000Z,zone-a,light,876.2
2024-01-26T13:13:00.000Z,zone-c,pressure,1003.4
2024-01-26T16:00:00.000Z,zone-d,light,739.9
2024-01-26T17:30:00.000Z,zone-b,pressure,1003
2024-01-26T17:42:00.000Z,zone-a,temperature,32.5
2024-01-26T17:44:00.000Z,zone-b,light,255.4
2024-01-26T17:54:00.000Z,zone-b,temperature,32.6
2024-01-26T18:40:00.000Z,zone-d,pressure,1012.6
2024-01-26T19:02:00.000Z,zone-b,pressure,1018.9
2024-01-26T20:39:00.000Z,zone-a,light,129
2024-01-26T20:44:00.000Z,zone-d,temperature,33
2024-01-26T22:13:00.000Z,zone-b,humidity,62.2
2024-01-27T03:22:00.000Z,zone-a,temperature,33.3
2024-01-27T03:30:00.000Z,zone-b,temperature,25
2024-01-27T04:39:00.000Z,zone-d,light,272.3
2024-01-27T07:38:00.000Z,zone-a,pressure,994
2024-01-27T08:03:00.000Z,zone-c,light,623.6
2024-01-27T09:02:00.000Z,zone-c,pressure,1014.2
2024-01-27T11:20:00.000Z,zone-c,temperature,27.5
2024-01-27T14:22:00.000Z,zone-a,humidity,64.5
2024-01-27T16:11:00.000Z,zone-d,humidity,78.6
2024-01-27T17:20:00.000Z,zone-c,humidity,51.1
2024-01-27T17:41:00.000Z,zone-b,light,217.4
2024-01-27T20:48:00.000Z,zone-b,light,737.2
2024-01-27T21:22:00.000Z,zone-a,pressure,1004.1
2024-01-28T00:12:00.000Z,zone-b,humidity,78.8
2024-01-28T01:15:00.000Z,zone-d,light,749.1
2024-01-28T03:02:00.000Z,zone-a,temperature,26.1
2024-01-28T05:13:00.000Z,zone-c,pressure,997.7
2024-01-28T05:21:00.000Z,zone-a,light,108.6
2024-01-28T06:29:00.000Z,zone-a,humidity,40.3
2024-01-28T07:44:00.000Z,zone-b,temperature,22.9
2024-01-28T08:13:00.000Z,zone-d,temperature,32.9
2024-01-28T10:24:00.000Z,zone-c,humidity,62.5
2024-01-28T10:32:00.000Z,zone-b,pressure,995.7
2024-01-28T11:01:00.000Z,zone-d,pressure,995
2024-01-28T13:42:00.000Z,zone-d,humidity,32.2
2024-01-28T15:57:00.000Z,zone-c,light,247.4
2024-01-28T16:34:00.000Z,zone-c,temperature,20
2024-01-28T19:42:00.000Z,zone-d,pressure,1004
2024-01-28T22:16:00.000Z,zone-c,temperature,19
2024-01-28T23:14:00.000Z,zone-b,humidity,50.2
2024-01-29T02:04:00.000Z,zone-c,pressure,1008.6
2024-01-29T03:08:00.000Z,zone-a,light,274
2024-01-29T04:13:00.000Z,zone-d,humidity,64.5
2024-01-29T08:20:00.000Z,zone-b,light,453.9
2024-01-29T08:43:00.000Z,zone-b,temperature,34.6
2024-01-29T08:57:00.000Z,zone-a,temperature,31.7
2024-01-29T10:37:00.000Z,zone-d,temperature,27
2024-01-29T11:07:00.000Z,zone-b,pressure,999.3
2024-01-29T11:19:00.000Z,zone-c,humidity,73.3
2024-01-29T12:43:00.000Z,zone-d,light,519.7
2024-01-29T13:26:00.000Z,zone-a,pressure,1017.6
2024-01-29T17:00:00.000Z,zone-c,light,418.8
2024-01-29T18:29:00.000Z,zone-a,humidity,76
2024-01-29T19:39:00.000Z,zone-b,pressure,1016
2024-01-29T20:41:00.000Z,zone-c,temperature,16.8
2024-01-29T22:00:00.000Z,zone-b,humidity,59.6
2024-01-29T22:23:00.000Z,zone-c,light,194.6
2024-01-29T22:52:00.000Z,zone-b,light,710.6
2024-01-29T23:14:00.000Z,zone-b,temperature,22.9
2024-01-30T01:54:00.000Z,zone-a,light,766.3
2024-01-30T03:22:00.000Z,zone-a,temperature,24.9
2024-01-30T05:27:00.000Z,zone-a,pressure,1010.9
2024-01-30T08:02:00.000Z,zone-d,humidity,62
2024-01-30T08:18:00.000Z,zone-c,humidity,50.2
2024-01-30T11:23:00.000Z,zone-a,humidity,54
2024-01-30T14:14:00.000Z,zone-d,temperature,27.9
2024-01-30T15:18:00.000Z,zone-d,light,571.1
2024-01-30T16:09:00.000Z,zone-c,pressure,995.6
2024-01-30T17:12:00.000Z,zone-d,pressure,996.1
2024-01-30T19:04:00.000Z,zone-d,light,527.2
2024-01-30T20:15:00.000Z,zone-c,humidity,31.7
2024-01-30T22:24:00.000Z,zone-c,pressure,1019.4
2024-01-31T02:46:00.000Z,zone-a,temperature,17.8
2024-01-31T03:29:00.000Z,zone-a,humidity,73.4
2024-01-31T06:05:00.000Z,zone-b,humidity,67.3
2024-01-31T06:49:00.000Z,zone-d,temperature,21.9
2024-01-31T09:39:00.000Z,zone-c,temperature,19.5
2024-01-31T11:02:00.000Z,zone-d,pressure,1019.2
2024-01-31T12:11:00.000Z,zone-c,light,534.3
2024-01-31T12:52:00.000Z,zone-b,temperature,33.8
2024-01-31T13:07:00.000Z,zone-a,light,732.9
2024-01-31T14:45:00.000Z,zone-b,light,136.8
2024-01-31T16:15:00.000Z,zone-b,pressure,994.3
2024-01-31T16:22:00.000Z,zone-a,pressure,1005.1
2024-01-31T17:00:00.000Z,zone-d,humidity,78.6
2024-01-31T18:36:00.000Z,zone-b,humidity,40.1
2024-01-31T19:39:00.000Z,zone-b,temperature,28.2
2024-01-31T21:53:00.000Z,zone-c,pressure,997.2
2024-01-31T23:28:00.000Z,zone-a,humidity,51.9
2024-02-01T00:25:00.000Z,zone-d,light,540.4
2024-02-01T01:22:00.000Z,zone-a,pressure,999.2
2024-02-01T03:16:00.000Z,zone-d,humidity,48.2
2024-02-01T04:42:00.000Z,zone-a,light,898
2024-02-01T06:53:00.000Z,zone-b,pressure,997.8
2024-02-01T06:57:00.000Z,zone-d,temperature,20.8
2024-02-01T07:03:00.000Z,zone-b,light,742.7
2024-02-01T08:51:00.000Z,zone-a,temperature,33.6
2024-02-01T09:11:00.000Z,zone-c,light,578.1
2024-02-01T12:22:00.000Z,zone-c,temperature,29.4
2024-02-01T14:40:00.000Z,zone-c,humidity,45.7
2024-02-01T15:35:00.000Z,zone-d,pressure,1003.8
2024-02-01T18:38:00.000Z,zone-a,humidity,40.5
2024-02-01T19:07:00.000Z,zone-d,light,152
2024-02-01T22:25:00.000Z,zone-d,humidity,37.7
2024-02-01T22:35:00.000Z,zone-a,temperature,22.9
2024-02-01T23:48:00.000Z,zone-d,temperature,23.9
2024-02-02T03:10:00.000Z,zone-c,temperature,15.5
2024-02-02T03:24:00.000Z,zone-b,pressure,990.6
2024-02-02T04:05:00.000Z,zone-c,humidity,31
2024-02-02T05:27:00.000Z,zone-b,humidity,70
2024-02-02T06:13:00.000Z,zone-a,light,748.8
2024-02-02T06:50:00.000Z,zone-d,pressure,1009.4
2024-02-02T08:13:00.000Z,zone-b,temperature,25
2024-02-02T09:11:00.000Z,zone-c,pressure,1017.1
2024-02-02T10:59:00.000Z,zone-c,light,431.9
2024-02-02T11:41:00.000Z,zone-a,pressure,1007
2024-02-02T12:19:00.000Z,zone-b,light,197.1
2024-02-02T19:21:00.000Z,zone-c,light,850.8
2024-02-02T21:08:00.000Z,zone-a,pressure,1009.2
2024-02-02T21:10:00.000Z,zone-b,temperature,34.4
2024-02-03T01:48:00.000Z,zone-a,humidity,75.2
2024-02-03T04:05:00.000Z,zone-a,light,211.2
2024-02-03T05:32:00.000Z,zone-c,pressure,1017.7
2024-02-03T05:46:00.000Z,zone-c,temperature,25.9
2024-02-03T05:47:00.000Z,zone-d,light,133.6
2024-02-03T06:15:00.000Z,zone-b,humidity,60.5
2024-02-03T09:01:00.000Z,zone-d,temperature,29.4
2024-02-03T11:07:00.000Z,zone-b,pressure,1019.7
2024-02-03T13:08:00.000Z,zone-b,light,240.1
2024-02-03T15:04:00.000Z,zone-d,pressure,1014.2
2024-02-03T15:26:00.000Z,zone-a,temperature,31
2024-02-03T15:43:00.000Z,zone-d,humidity,45.5
2024-02-03T16:35:00.000Z,zone-c,humidity,53.4
2024-02-03T19:28:00.000Z,zone-b,humidity,47.7
2024-02-03T21:01:00.000Z,zone-d,temperature,25.7
2024-02-03T21:15:00.000Z,zone-b,pressure,995.4
2024-02-03T22:37:00.000Z,zone-a,temperature,19.5
2024-02-04T00:18:00.000Z,zone-d,light,223.4
2024-02-04T02:41:00.000Z,zone-a,pressure,993.1
2024-02-04T07:33:00.000Z,zone-a,light,793.3
2024-02-04T09:10:00.000Z,zone-d,pressure,1005.8
2024-02-04T09:33:00.000Z,zone-c,pressure,1009.5
2024-02-04T09:57:00.000Z,zone-a,humidity,38.6
2024-02-04T11:22:00.000Z,zone-c,humidity,44.9
2024-02-04T12:29:00.000Z,zone-b,light,473.4
2024-02-04T15:38:00.000Z,zone-c,temperature,30.9
2024-02-04T15:59:00.000Z,zone-d,humidity,35.1
2024-02-04T16:16:00.000Z,zone-b,temperature,16.1
2024-02-04T18:08:00.000Z,zone-c,light,239.6
2024-02-04T19:18:00.000Z,zone-d,light,573.6
2024-02-04T19:59:00.000Z,zone-d,temperature,18.7
2024-02-04T22:48:00.000Z,zone-c,humidity,39.3
2024-02-05T01:18:00.000Z,zone-a,light,680.1
2024-02-05T02:07:00.000Z,zone-b,temperature,25.9
2024-02-05T07:01:00.000Z,zone-d,pressure,1006.3
2024-02-05T09:02:00.000Z,zone-a,pressure,1002.2
2024-02-05T09:45:00.000Z,zone-b,light,298.8
2024-02-05T10:13:00.000Z,zone-a,humidity,49.5
2024-02-05T12:55:00.000Z,zone-b,pressure,1017.8
2024-02-05T13:13:00.000Z,zone-b,humidity,54.2
2024-02-05T13:37:00.000Z,zone-c,light,387.7
2024-02-05T15:27:00.000Z,zone-a,temperature,21.3
2024-02-05T16:08:00.000Z,zone-d,humidity,38.9
2024-02-05T17:42:00.000Z,zone-c,temperature,28.7
2024-02-05T17:49:00.000Z,zone-c,pressure,1011.6
2024-02-05T19:51:00.000Z,zone-c,humidity,56.4
2024-02-05T20:14:00.000Z,zone-d,light,274.1
2024-02-05T20:24:00.000Z,zone-c,pressure,1012.6
2024-02-06T00:33:00.000Z,zone-c,temperature,32.2
2024-02-06T00:39:00.000Z,zone-a,temperature,27
2024-02-06T01:37:00.000Z,zone-d,temperature,18.3
2024-02-06T01:40:00.000Z,zone-a,humidity,64.2
2024-02-06T05:15:00.000Z,zone-b,pressure,1006.7
2024-02-06T06:05:00.000Z,zone-b,light,820.2
2024-02-06T09:18:00.000Z,zone-c,light,704.2
2024-02-06T13:19:00.000Z,zone-a,light,561.7
2024-02-06T13:25:00.000Z,zone-d,pressure,1005.1
2024-02-06T14:52:00.000Z,zone-a,pressure,1019.9
2024-02-06T15:18:00.000Z,zone-d,humidity,47.1
2024-02-06T16:49:00.000Z,zone-b,humidity,52.2
2024-02-06T17:04:00.000Z,zone-b,temperature,26.5
2024-02-06T18:31:00.000Z,zone-d,light,709.4
2024-02-06T21:50:00.000Z,zone-b,humidity,71.6
2024-02-07T00:20:00.000Z,zone-c,pressure,1014.9
2024-02-07T02:23:00.000Z,zone-c,humidity,74.6
2024-02-07T04:03:00.000Z,zone-a,humidity,58.5
2024-02-07T04:12:00.000Z,zone-b,pressure,1017.6
2024-02-07T04:15:00.000Z,zone-a,temperature,19.2
2024-02-07T04:20:00.000Z,zone-a,pressure,1006.3
2024-02-07T07:51:00.000Z,zone-c,light,851.3
2024-02-07T08:50:00.000Z,zone-d,humidity,75.9
2024-02-07T10:55:00.000Z,zone-c,temperature,25
2024-02-07T11:02:00.000Z,zone-b,light,820.2
2024-02-07T11:09:00.000Z,zone-d,pressure,992.1
2024-02-07T11:49:00.000Z,zone-a,light,504.6
2024-02-07T13:32:00.000Z,zone-b,temperature,24
2024-02-07T16:05:00.000Z,zone-d,temperature,26.9
2024-02-07T19:58:00.000Z,zone-b,temperature,28.7
2024-02-07T20:08:00.000Z,zone-b,humidity,48.8
2024-02-07T22:54:00.000Z,zone-d,pressure,1016.7
2024-02-08T00:27:00.000Z,zone-a,humidity,61.9
2024-02-08T00:40:00.000Z,zone-c,temperature,34.2
2024-02-08T00:44:00.000Z,zone-a,pressure,993.1
2024-02-08T01:48:00.000Z,zone-c,humidity,62.5
2024-02-08T01:57:00.000Z,zone-a,light,795.4
2024-02-08T03:35:00.000Z,zone-b,pressure,995.1
2024-02-08T03:38:00.000Z,zone-c,light,217.3
2024-02-08T04:44:00.000Z,zone-c,pressure,1007.7
2024-02-08T06:25:00.000Z,zone-b,light,621
2024-02-08T08:31:00.000Z,zone-a,temperature,29.4
2024-02-08T08:36:00.000Z,zone-d,temperature,30.3
2024-02-08T14:23:00.000Z,zone-d,light,469.6
2024-02-08T14:39:00.000Z,zone-d,humidity,65.6
2024-02-08T21:00:00.000Z,zone-d,light,509.7
2024-02-08T21:28:00.000Z,zone-b,light,406.1
2024-02-08T21:52:00.000Z,zone-c,light,806.8
2024-02-08T22:48:00.000Z,zone-c,pressure,1005.6
2024-02-09T00:54:00.000Z,zone-c,temperature,21.9
2024-02-09T03:29:00.000Z,zone-a,temperature,23
2024-02-09T04:03:00.000Z,zone-a,light,796.7
2024-02-09T09:05:00.000Z,zone-a,humidity,49.1
2024-02-09T09:50:00.000Z,zone-b,pressure,1017
2024-02-09T10:02:00.000Z,zone-b,humidity,66.5
2024-02-09T11:03:00.000Z,zone-d,pressure,1016.3
2024-02-09T11:07:00.000Z,zone-a,pressure,1010.7
2024-02-09T13:17:00.000Z,zone-d,temperature,26.7
2024-02-09T15:54:00.000Z,zone-c,humidity,31.5
2024-02-09T15:56:00.000Z,zone-d,humidity,48.4
2024-02-09T16:46:00.000Z,zone-b,temperature,24.5
2024-02-09T20:52:00.000Z,zone-c,pressure,1012
2024-02-09T21:59:00.000Z,zone-b,pressure,999.8
2024-02-09T22:51:00.000Z,zone-d,pressure,1014.4
2024-02-10T01:54:00.000Z,zone-d,humidity,35.2
2024-02-10T02:15:00.000Z,zone-d,temperature,32.3
2024-02-10T05:01:00.000Z,zone-d,light,600
2024-02-10T07:49:00.000Z,zone-a,humidity,73.8
2024-02-10T09:00:00.000Z,zone-c,temperature,22.8
2024-02-10T13:15:00.000Z,zone-a,light,824.6
2024-02-10T13:24:00.000Z,zone-a,temperature,15.2
2024-02-10T14:05:00.000Z,zone-b,light,829.9
2024-02-10T15:33:00.000Z,zone-b,temperature,31.3
2024-02-10T16:12:00.000Z,zone-c,light,269.3
2024-02-10T16:18:00.000Z,zone-c,humidity,64.2
2024-02-10T18:22:00.000Z,zone-b,humidity,59.6
2024-02-10T18:28:00.000Z,zone-a,pressure,1010.6
2024-02-10T19:50:00.000Z,zone-c,humidity,69.8
2024-02-10T20:36:00.000Z,zone-d,light,457.2
2024-02-10T21:23:00.000Z,zone-a,temperature,17.7
2024-02-11T01:49:00.000Z,zone-a,light,455.7
2024-02-11T04:58:00.000Z,zone-d,pressure,1009.1
2024-02-11T10:00:00.000Z,zone-b,temperature,19.5
2024-02-11T10:01:00.000Z,zone-c,light,840.2
2024-02-11T10:25:00.000Z,zone-b,light,510.4
2024-02-11T13:54:00.000Z,zone-d,humidity,59
2024-02-11T14:22:00.000Z,zone-c,pressure,990
2024-02-11T14:37:00.000Z,zone-a,pressure,1002.8
2024-02-11T16:15:00.000Z,zone-b,pressure,1013.2
2024-02-11T16:46:00.000Z,zone-b,humidity,56.8
2024-02-11T16:55:00.000Z,zone-a,humidity,61
2024-02-11T17:27:00.000Z,zone-c,temperature,30.7
2024-02-11T18:26:00.000Z,zone-d,temperature,29.2
2024-02-11T21:59:00.000Z,zone-d,light,123.9
2024-02-11T22:40:00.000Z,zone-a,pressure,991.4
2024-02-12T00:19:00.000Z,zone-c,humidity,69.8
2024-02-12T01:48:00.000Z,zone-d,pressure,1002.7
2024-02-12T02:07:00.000Z,zone-a,light,798.9
2024-02-12T04:10:00.000Z,zone-a,temperature,16.2
2024-02-12T05:42:00.000Z,zone-b,pressure,1019.8
2024-02-12T05:43:00.000Z,zone-d,humidity,44.8
2024-02-12T05:57:00.000Z,zone-b,light,456.5
2024-02-12T06:28:00.000Z,zone-b,humidity,65.8
2024-02-12T06:37:00.000Z,zone-d,temperature,31.1
2024-02-12T06:54:00.000Z,zone-c,temperature,33.3
2024-02-12T07:53:00.000Z,zone-b,temperature,26.3
2024-02-12T12:41:00.000Z,zone-a,humidity,77.8
2024-02-12T13:36:00.000Z,zone-c,pressure,1010.9
2024-02-12T15:35:00.000Z,zone-c,light,755.3
2024-02-12T19:08:00.000Z,zone-c,temperature,34.3
2024-02-12T19:41:00.000Z,zone-a,pressure,1005.7
2024-02-12T19:56:00.000Z,zone-d,humidity,68
2024-02-12T20:12:00.000Z,zone-c,humidity,43.4
2024-02-12T21:59:00.000Z,zone-d,light,712.8
2024-02-12T22:06:00.000Z,zone-b,humidity,61
2024-02-13T02:30:00.000Z,zone-d,pressure,1019.8
2024-02-13T02:52:00.000Z,zone-b,pressure,1013.1
2024-02-13T03:15:00.000Z,zone-a,light,642.5
2024-02-13T05:24:00.000Z,zone-c,pressure,1015.3
2024-02-13T06:21:00.000Z,zone-b,temperature,28.2
2024-02-13T11:03:00.000Z,zone-a,temperature,18.3
2024-02-13T12:13:00.000Z,zone-c,light,728
2024-02-13T13:52:00.000Z,zone-b,light,640.4
2024-02-13T16:36:00.000Z,zone-a,humidity,44.8
2024-02-13T18:11:00.000Z,zone-d,temperature,34.3
2024-02-13T20:24:00.000Z,zone-c,pressure,994.1
2024-02-13T23:57:00.000Z,zone-b,pressure,1002.8
2024-02-14T05:02:00.000Z,zone-d,humidity,47.4
2024-02-14T05:45:00.000Z,zone-a,humidity,49.7
2024-02-14T06:03:00.000Z,zone-d,temperature,24.8
2024-02-14T06:17:00.000Z,zone-d,light,134.5
2024-02-14T07:20:00.000Z,zone-d,pressure,999.8
2024-02-14T13:59:00.000Z,zone-c,humidity,64.5
2024-02-14T14:09:00.000Z,zone-c,light,256
2024-02-14T14:38:00.000Z,zone-a,pressure,1003.7
2024-02-14T15:01:00.000Z,zone-b,humidity,35.7
2024-02-14T15:09:00.000Z,zone-b,light,754.8
2024-02-14T15:12:00.000Z,zone-c,temperature,33.5
2024-02-14T15:57:00.000Z,zone-b,temperature,30.2
2024-02-14T17:34:00.000Z,zone-a,light,828.2
2024-02-14T17:47:00.000Z,zone-a,temperature,22.2
2024-02-14T22:11:00.000Z,zone-b,temperature,19
2024-02-14T22:19:00.000Z,zone-c,light,713.9
2024-02-15T02:42:00.000Z,zone-c,pressure,1014.3
2024-02-15T02:55:00.000Z,zone-b,humidity,53.7
2024-02-15T03:48:00.000Z,zone-a,pressure,1001.9
2024-02-15T04:45:00.000Z,zone-a,temperature,29.6
2024-02-15T05:08:00.000Z,zone-b,light,418.7
2024-02-15T07:10:00.000Z,zone-d,pressure,998.7
2024-02-15T08:56:00.000Z,zone-a,light,229.4
2024-02-15T09:01:00.000Z,zone-c,humidity,58.3
2024-02-15T12:24:00.000Z,zone-d,temperature,20.7
2024-02-15T13:07:00.000Z,zone-d,humidity,48.6
2024-02-15T13:29:00.000Z,zone-c,temperature,31.8
2024-02-15T14:08:00.000Z,zone-d,light,461.4
2024-02-15T14:47:00.000Z,zone-a,humidity,38.7
2024-02-15T16:50:00.000Z,zone-b,pressure,1004.7
2024-02-15T20:41:00.000Z,zone-c,humidity,50.9
2024-02-15T20:53:00.000Z,zone-d,temperature,25.8
2024-02-15T21:23:00.000Z,zone-a,light,416.1
2024-02-15T23:24:00.000Z,zone-b,light,400.3
2024-02-15T23:38:00.000Z,zone-a,pressure,992.5
2024-02-16T04:56:00.000Z,zone-c,light,285.3
2024-02-16T05:17:00.000Z,zone-b,temperature,29.3
2024-02-16T08:51:00.000Z,zone-a,temperature,30.9
2024-02-16T09:31:00.000Z,zone-a,humidity,42.9
2024-02-16T11:19:00.000Z,zone-d,humidity,40.7
2024-02-16T12:47:00.000Z,zone-d,light,297.9
2024-02-16T14:16:00.000Z,zone-d,pressure,995.3
2024-02-16T14:57:00.000Z,zone-b,pressure,1015.1
2024-02-16T15:35:00.000Z,zone-c,pressure,1008.9
2024-02-16T17:27:00.000Z,zone-b,humidity,30.4
2024-02-16T17:47:00.000Z,zone-c,temperature,20.8
2024-02-16T20:28:00.000Z,zone-d,humidity,62
2024-02-16T20:43:00.000Z,zone-d,temperature,26.4
2024-02-16T21:55:00.000Z,zone-b,humidity,69.2
2024-02-16T23:42:00.000Z,zone-d,pressure,994.2
2024-02-17T00:46:00.000Z,zone-a,pressure,993.5
2024-02-17T02:36:00.000Z,zone-d,light,227.7
2024-02-17T03:07:00.000Z,zone-b,pressure,1017.9
2024-02-17T03:38:00.000Z,zone-a,light,219.3
2024-02-17T05:28:00.000Z,zone-c,light,836.4
2024-02-17T10:16:00.000Z,zone-a,temperature,20.7
2024-02-17T14:00:00.000Z,zone-c,temperature,20.6
2024-02-17T15:48:00.000Z,zone-b,temperature,30.9
2024-02-17T16:04:00.000Z,zone-c,pressure,1010.8
2024-02-17T16:37:00.000Z,zone-c,humidity,76.7
2024-02-17T16:41:00.000Z,zone-b,light,599.3
2024-02-17T17:01:00.000Z,zone-a,humidity,68.9
2024-02-17T18:47:00.000Z,zone-a,light,708.6
2024-02-17T20:44:00.000Z,zone-d,temperature,30.4
2024-02-18T00:50:00.000Z,zone-b,temperature,30.8
2024-02-18T01:00:00.000Z,zone-c,light,517.6
2024-02-18T01:35:00.000Z,zone-b,light,317
2024-02-18T03:04:00.000Z,zone-c,pressure,1015.6
2024-02-18T03:45:00.000Z,zone-d,humidity,62.4
2024-02-18T05:41:00.000Z,zone-b,pressure,1008.9
2024-02-18T05:44:00.000Z,zone-d,pressure,1016.3
2024-02-18T05:45:00.000Z,zone-a,pressure,1014.2
2024-02-18T06:38:00.000Z,zone-a,temperature,21.6
2024-02-18T07:28:00.000Z,zone-b,humidity,66.1
2024-02-18T07:49:00.000Z,zone-d,light,633.9
2024-02-18T13:16:00.000Z,zone-c,humidity,53.4
2024-02-18T14:25:00.000Z,zone-a,humidity,66.2
2024-02-18T14:42:00.000Z,zone-c,temperature,28.1
2024-02-18T19:47:00.000Z,zone-b,pressure,1010.6
2024-02-18T21:07:00.000Z,zone-c,light,429.8
2024-02-18T22:50:00.000Z,zone-b,light,437.4
2024-02-19T01:05:00.000Z,zone-a,temperature,28.3
2024-02-19T03:15:00.000Z,zone-d,temperature,25.9
2024-02-19T03:44:00.000Z,zone-d,humidity,61.9
2024-02-19T06:36:00.000Z,zone-b,temperature,25
2024-02-19T08:37:00.000Z,zone-d,pressure,1014
2024-02-19T09:07:00.000Z,zone-a,pressure,1017.4
2024-02-19T09:33:00.000Z,zone-a,light,784.7
2024-02-19T09:46:00.000Z,zone-c,temperature,27.4
2024-02-19T11:29:00.000Z,zone-c,humidity,40
2024-02-19T12:18:00.000Z,zone-c,pressure,1013.5
2024-02-19T13:14:00.000Z,zone-a,humidity,50.8
2024-02-19T13:53:00.000Z,zone-b,humidity,44.9
2024-02-19T14:52:00.000Z,zone-d,light,143.5
2024-02-19T19:25:00.000Z,zone-a,humidity,64.4
2024-02-19T19:40:00.000Z,zone-b,humidity,63.1
2024-02-19T19:53:00.000Z,zone-d,humidity,76.5
2024-02-19T20:14:00.000Z,zone-a,pressure,992.4
2024-02-19T20:44:00.000Z,zone-a,temperature,34.7
2024-02-19T21:06:00.000Z,zone-d,temperature,26.5
2024-02-20T00:48:00.000Z,zone-d,light,326
2024-02-20T02:09:00.000Z,zone-c,temperature,17.2
2024-02-20T04:46:00.000Z,zone-a,light,240.6
2024-02-20T11:02:00.000Z,zone-b,light,686.1
2024-02-20T11:18:00.000Z,zone-c,humidity,71.8
2024-02-20T11:27:00.000Z,zone-b,pressure,1008.3
2024-02-20T12:54:00.000Z,zone-c,pressure,1019.8
2024-02-20T13:02:00.000Z,zone-c,light,326.5
2024-02-20T13:34:00.000Z,zone-d,pressure,1009.8
2024-02-20T15:34:00.000Z,zone-b,temperature,22.2
2024-02-20T20:27:00.000Z,zone-d,humidity,70.6
2024-02-20T20:28:00.000Z,zone-c,temperature,20.5
2024-02-20T21:23:00.000Z,zone-b,humidity,55.1
2024-02-20T22:07:00.000Z,zone-d,temperature,16
2024-02-20T22:33:00.000Z,zone-a,pressure,1008.1
2024-02-21T00:15:00.000Z,zone-a,temperature,31.2
2024-02-21T01:50:00.000Z,zone-c,pressure,1000.4
2024-02-21T04:12:00.000Z,zone-b,temperature,26.3
2024-02-21T04:28:00.000Z,zone-d,pressure,1014.8
2024-02-21T07:14:00.000Z,zone-b,light,401.1
2024-02-21T09:05:00.000Z,zone-c,humidity,47.2
2024-02-21T09:45:00.000Z,zone-a,light,846.4
2024-02-21T11:18:00.000Z,zone-b,pressure,997.8
2024-02-21T13:18:00.000Z,zone-a,humidity,46
2024-02-21T13:30:00.000Z,zone-c,light,139.3
2024-02-21T16:35:00.000Z,zone-d,light,122.2
2024-02-21T18:51:00.000Z,zone-a,temperature,33
2024-02-21T20:41:00.000Z,zone-d,pressure,996.6
2024-02-21T22:33:00.000Z,zone-a,light,736.6
2024-02-22T05:04:00.000Z,zone-a,humidity,53.4
2024-02-22T07:51:00.000Z,zone-c,light,656.6
2024-02-22T07:53:00.000Z,zone-c,humidity,31.2
2024-02-22T08:30:00.000Z,zone-d,temperature,15.7
2024-02-22T10:49:00.000Z,zone-d,light,763.6
2024-02-22T11:33:00.000Z,zone-b,temperature,25.8
2024-02-22T12:25:00.000Z,zone-c,temperature,22.7
2024-02-22T13:18:00.000Z,zone-d,humidity,75.2
2024-02-22T13:49:00.000Z,zone-c,pressure,995.7
2024-02-22T16:45:00.000Z,zone-b,pressure,990.6
2024-02-22T17:00:00.000Z,zone-b,humidity,42.4
2024-02-22T17:34:00.000Z,zone-a,pressure,1010.3
2024-02-22T18:20:00.000Z,zone-b,light,357.3
2024-02-22T19:25:00.000Z,zone-d,temperature,34.9
2024-02-22T20:11:00.000Z,zone-b,temperature,21
2024-02-22T22:08:00.000Z,zone-c,light,306.8
2024-02-22T23:09:00.000Z,zone-c,humidity,70.1
2024-02-23T01:20:00.000Z,zone-d,light,269.9
2024-02-23T02:07:00.000Z,zone-b,light,276.8
2024-02-23T03:41:00.000Z,zone-a,humidity,61.8
2024-02-23T04:44:00.000Z,zone-b,humidity,61.6
2024-02-23T04:50:00.000Z,zone-a,pressure,991.8
2024-02-23T05:46:00.000Z,zone-a,light,854.7
2024-02-23T06:27:00.000Z,zone-c,temperature,20.3
2024-02-23T06:50:00.000Z,zone-d,pressure,996
2024-02-23T09:35:00.000Z,zone-b,pressure,1006.6
2024-02-23T12:45:00.000Z,zone-c,pressure,995
2024-02-23T17:05:00.000Z,zone-d,humidity,48
2024-02-23T17:30:00.000Z,zone-a,temperature,19.6
2024-02-23T19:35:00.000Z,zone-d,temperature,25.8
2024-02-23T22:01:00.000Z,zone-a,pressure,1012.6
2024-02-23T23:14:00.000Z,zone-d,pressure,1007.2
2024-02-24T01:05:00.000Z,zone-b,humidity,38
2024-02-24T01:20:00.000Z,zone-c,temperature,26.1
2024-02-24T01:20:00.000Z,zone-c,humidity,75.4
2024-02-24T02:44:00.000Z,zone-b,light,613.2
2024-02-24T06:33:00.000Z,zone-d,humidity,70.3
2024-02-24T07:56:00.000Z,zone-a,humidity,67.5
2024-02-24T08:26:00.000Z,zone-a,temperature,29.5
2024-02-24T09:03:00.000Z,zone-b,pressure,1008.8
2024-02-24T09:12:00.000Z,zone-d,light,685.6
2024-02-24T09:55:00.000Z,zone-c,pressure,996.8
2024-02-24T11:05:00.000Z,zone-c,light,421.5
2024-02-24T15:25:00.000Z,zone-b,temperature,27.4
2024-02-24T16:05:00.000Z,zone-a,light,224.6
2024-02-24T18:39:00.000Z,zone-c,humidity,44.5
2024-02-24T19:09:00.000Z,zone-b,temperature,30.8
2024-02-24T19:59:00.000Z,zone-d,humidity,32.4
2024-02-24T22:27:00.000Z,zone-d,pressure,1001.4
2024-02-25T00:10:00.000Z,zone-c,pressure,1003.1
2024-02-25T00:26:00.000Z,zone-a,pressure,998.9
2024-02-25T03:39:00.000Z,zone-b,light,214.5
2024-02-25T04:16:00.000Z,zone-c,light,462.5
2024-02-25T08:48:00.000Z,zone-a,light,151.8
2024-02-25T11:46:00.000Z,zone-a,temperature,30.9
2024-02-25T12:41:00.000Z,zone-d,light,172.1
2024-02-25T15:23:00.000Z,zone-d,temperature,22.2
2024-02-25T16:38:00.000Z,zone-a,humidity,62.3
2024-02-25T16:38:00.000Z,zone-b,humidity,66.4
2024-02-25T17:05:00.000Z,zone-b,pressure,1013.9
2024-02-25T17:38:00.000Z,zone-c,temperature,26
2024-02-25T19:29:00.000Z,zone-a,pressure,995
2024-02-25T20:55:00.000Z,zone-d,pressure,998.6
2024-02-25T21:34:00.000Z,zone-c,light,779.9
2024-02-25T22:12:00.000Z,zone-a,temperature,25.8
2024-02-25T23:45:00.000Z,zone-b,temperature,33.7
2024-02-26T01:04:00.000Z,zone-c,humidity,47.2
2024-02-26T02:03:00.000Z,zone-b,pressure,1018.7
2024-02-26T02:18:00.000Z,zone-d,light,147.8
2024-02-26T03:43:00.000Z,zone-a,humidity,41.7
2024-02-26T07:22:00.000Z,zone-b,humidity,38.9
2024-02-26T09:50:00.000Z,zone-c,temperature,33.4
2024-02-26T10:10:00.000Z,zone-c,pressure,1019.1
2024-02-26T13:07:00.000Z,zone-a,light,786.7
2024-02-26T15:30:00.000Z,zone-d,humidity,31.2
2024-02-26T17:06:00.000Z,zone-b,light,521
2024-02-26T17:30:00.000Z,zone-d,temperature,33.7
2024-02-26T19:31:00.000Z,zone-b,pressure,1000
2024-02-26T20:30:00.000Z,zone-b,light,677.6
2024-02-26T23:13:00.000Z,zone-b,temperature,21.4
2024-02-26T23:51:00.000Z,zone-c,temperature,16.2
2024-02-27T02:31:00.000Z,zone-d,pressure,1010.9
2024-02-27T04:24:00.000Z,zone-a,humidity,47.4
2024-02-27T07:50:00.000Z,zone-c,humidity,64.2
2024-02-27T08:06:00.000Z,zone-a,light,508.9
2024-02-27T08:51:00.000Z,zone-d,light,692.2
2024-02-27T08:59:00.000Z,zone-c,pressure,995.2
2024-02-27T09:56:00.000Z,zone-a,temperature,15.6
2024-02-27T10:17:00.000Z,zone-c,light,789.8
2024-02-27T13:15:00.000Z,zone-d,humidity,60.5
2024-02-27T13:52:00.000Z,zone-d,temperature,26.8
2024-02-27T15:13:00.000Z,zone-b,humidity,55.7
2024-02-27T18:07:00.000Z,zone-a,pressure,1015
2024-02-27T19:07:00.000Z,zone-c,pressure,991.7
2024-02-27T23:20:00.000Z,zone-c,humidity,48.2
2024-02-27T23:33:00.000Z,zone-a,pressure,1016.6
2024-02-28T04:43:00.000Z,zone-d,humidity,38.3
2024-02-28T06:08:00.000Z,zone-b,humidity,66.9
2024-02-28T07:20:00.000Z,zone-a,temperature,33.5
2024-02-28T07:36:00.000Z,zone-d,light,570.9
2024-02-28T08:11:00.000Z,zone-b,temperature,33.8
2024-02-28T08:28:00.000Z,zone-d,pressure,1016.1
2024-02-28T09:10:00.000Z,zone-c,light,331.6
2024-02-28T10:19:00.000Z,zone-a,light,362.8
2024-02-28T15:35:00.000Z,zone-b,light,631.7
2024-02-28T17:27:00.000Z,zone-c,temperature,29.8
2024-02-28T17:35:00.000Z,zone-d,temperature,26.1
2024-02-28T17:36:00.000Z,zone-a,humidity,33.2
2024-02-28T18:29:00.000Z,zone-b,pressure,995.5
2024-02-28T19:19:00.000Z,zone-b,temperature,24.7
2024-02-28T19:57:00.000Z,zone-c,pressure,1002.4
2024-02-28T21:53:00.000Z,zone-b,humidity,69.1
2024-02-28T22:56:00.000Z,zone-d,temperature,23.2
2024-02-29T00:38:00.000Z,zone-a,humidity,60.7
2024-02-29T00:48:00.000Z,zone-a,temperature,24.7
2024-02-29T02:19:00.000Z,zone-b,light,572.8
2024-02-29T09:49:00.000Z,zone-a,light,595.6
2024-02-29T09:57:00.000Z,zone-a,pressure,993.8
2024-02-29T10:50:00.000Z,zone-c,humidity,68.2
2024-02-29T11:28:00.000Z,zone-d,pressure,991.9
2024-02-29T14:26:00.000Z,zone-c,temperature,19
2024-02-29T16:31:00.000Z,zone-c,light,853.5
2024-02-29T17:01:00.000Z,zone-b,pressure,1013.8
2024-02-29T17:11:00.000Z,zone-d,humidity,62.3
2024-02-29T18:09:00.000Z,zone-d,light,218.9
2024-02-29T20:45:00.000Z,zone-c,pressure,1016.5
2024-02-29T21:20:00.000Z,zone-a,pressure,1004.4
2024-03-01T00:01:00.000Z,zone-a,light,413.4
2024-03-01T02:02:00.000Z,zone-a,temperature,28.2
2024-03-01T02:38:00.000Z,zone-c,light,638.4
2024-03-01T02:59:00.000Z,zone-b,light,504.2
2024-03-01T03:32:00.000Z,zone-d,pressure,1014.8
2024-03-01T04:50:00.000Z,zone-b,pressure,1001.2
2024-03-01T04:51:00.000Z,zone-b,temperature,31
2024-03-01T06:17:00.000Z,zone-c,temperature,28.9
2024-03-01T08:26:00.000Z,zone-d,humidity,56.4
2024-03-01T08:38:00.000Z,zone-b,humidity,59.9
2024-03-01T09:11:00.000Z,zone-c,humidity,49.7
2024-03-01T15:20:00.000Z,zone-a,humidity,48.4
2024-03-01T15:25:00.000Z,zone-d,light,388.7
2024-03-01T15:27:00.000Z,zone-d,temperature,19.3
2024-03-01T19:02:00.000Z,zone-a,humidity,42.5
2024-03-01T19:29:00.000Z,zone-b,light,623.7
2024-03-01T21:01:00.000Z,zone-d,temperature,27.5
2024-03-01T21:17:00.000Z,zone-d,pressure,990.2
2024-03-01T21:38:00.000Z,zone-c,humidity,39.8
2024-03-01T21:42:00.000Z,zone-a,light,464.2
2024-03-02T03:17:00.000Z,zone-c,pressure,1019.6
2024-03-02T03:35:00.000Z,zone-b,humidity,77.4
2024-03-02T05:33:00.000Z,zone-c,light,646
2024-03-02T06:17:00.000Z,zone-d,light,440.5
2024-03-02T06:27:00.000Z,zone-b,pressure,998.3
2024-03-02T06:50:00.000Z,zone-b,temperature,29.6
2024-03-02T07:10:00.000Z,zone-d,humidity,63.9
2024-03-02T07:49:00.000Z,zone-a,pressure,1012.1
2024-03-02T08:07:00.000Z,zone-a,temperature,21.2
2024-03-02T08:20:00.000Z,zone-c,temperature,22
2024-03-02T19:54:00.000Z,zone-a,temperature,26.4
2024-03-02T22:09:00.000Z,zone-c,light,155.5
2024-03-02T23:31:00.000Z,zone-c,humidity,56.8
2024-03-03T01:45:00.000Z,zone-b,temperature,32.7
2024-03-03T02:28:00.000Z,zone-b,pressure,1018.5
2024-03-03T04:09:00.000Z,zone-b,humidity,62.1
2024-03-03T04:19:00.000Z,zone-c,pressure,1016.2
2024-03-03T05:43:00.000Z,zone-d,humidity,70.5
2024-03-03T06:26:00.000Z,zone-a,humidity,63
2024-03-03T06:50:00.000Z,zone-d,pressure,1006.1
2024-03-03T09:37:00.000Z,zone-c,temperature,24.9
2024-03-03T10:09:00.000Z,zone-a,pressure,992.3
2024-03-03T12:15:00.000Z,zone-d,temperature,25.6
2024-03-03T12:32:00.000Z,zone-d,light,535.4
2024-03-03T15:53:00.000Z,zone-b,light,508.5
2024-03-03T16:11:00.000Z,zone-a,light,559.6
2024-03-03T20:47:00.000Z,zone-a,pressure,1013.5
2024-03-03T21:12:00.000Z,zone-b,humidity,46.1
2024-03-04T00:48:00.000Z,zone-b,temperature,17.9
2024-03-04T04:06:00.000Z,zone-b,light,665.4
2024-03-04T05:28:00.000Z,zone-a,temperature,15.6
2024-03-04T07:10:00.000Z,zone-a,light,671
2024-03-04T07:10:00.000Z,zone-d,light,250.7
2024-03-04T09:18:00.000Z,zone-c,temperature,29.5
2024-03-04T09:19:00.000Z,zone-c,pressure,1003.3
2024-03-04T11:17:00.000Z,zone-c,light,455.7
2024-03-04T11:45:00.000Z,zone-c,humidity,66.6
2024-03-04T12:30:00.000Z,zone-d,humidity,77
2024-03-04T14:48:00.000Z,zone-d,pressure,999.9
2024-03-04T15:01:00.000Z,zone-a,humidity,49.5
2024-03-04T15:33:00.000Z,zone-d,temperature,29
2024-03-04T16:12:00.000Z,zone-b,pressure,1016
2024-03-04T19:30:00.000Z,zone-d,pressure,1001.6
2024-03-04T19:59:00.000Z,zone-c,light,613.1
2024-03-04T23:10:00.000Z,zone-d,light,680.9
2024-03-05T01:30:00.000Z,zone-c,pressure,993.5
2024-03-05T02:08:00.000Z,zone-b,light,202.1
2024-03-05T02:53:00.000Z,zone-a,pressure,994.8
2024-03-05T03:57:00.000Z,zone-c,temperature,28.4
2024-03-05T05:48:00.000Z,zone-a,humidity,78.6
2024-03-05T06:00:00.000Z,zone-b,humidity,40.7
2024-03-05T06:06:00.000Z,zone-c,humidity,35.2
2024-03-05T07:44:00.000Z,zone-a,temperature,30.1
2024-03-05T07:59:00.000Z,zone-a,light,380
2024-03-05T09:28:00.000Z,zone-b,pressure,1014.5
2024-03-05T12:52:00.000Z,zone-b,temperature,28.7
2024-03-05T15:09:00.000Z,zone-d,humidity,79.2
2024-03-05T17:59:00.000Z,zone-d,temperature,25.4
2024-03-05T19:15:00.000Z,zone-c,light,378.1
2024-03-05T20:14:00.000Z,zone-b,temperature,30.1
2024-03-05T20:18:00.000Z,zone-d,light,619.7
2024-03-05T22:11:00.000Z,zone-d,pressure,1018.8
2024-03-06T01:16:00.000Z,zone-a,humidity,33.7
2024-03-06T03:02:00.000Z,zone-a,light,393.6
2024-03-06T06:30:00.000Z,zone-d,temperature,33.8
2024-03-06T07:42:00.000Z,zone-c,humidity,73.6
2024-03-06T07:45:00.000Z,zone-a,temperature,21.9
2024-03-06T07:49:00.000Z,zone-d,humidity,74.4
2024-03-06T11:23:00.000Z,zone-c,temperature,19.6
2024-03-06T13:51:00.000Z,zone-c,pressure,991.8
2024-03-06T14:11:00.000Z,zone-a,pressure,1017
2024-03-06T15:40:00.000Z,zone-b,light,778.3
2024-03-06T15:59:00.000Z,zone-b,pressure,1008
2024-03-06T17:45:00.000Z,zone-b,humidity,53.7
2024-03-06T21:15:00.000Z,zone-a,light,615.4
2024-03-06T23:08:00.000Z,zone-b,pressure,995.2
2024-03-06T23:24:00.000Z,zone-c,temperature,32.9
2024-03-07T01:47:00.000Z,zone-d,pressure,1009.3
2024-03-07T01:55:00.000Z,zone-d,temperature,27.5
2024-03-07T03:49:00.000Z,zone-b,temperature,27.1
2024-03-07T08:03:00.000Z,zone-b,light,538.2
2024-03-07T08:38:00.000Z,zone-a,temperature,34.6
2024-03-07T12:46:00.000Z,zone-a,humidity,59
2024-03-07T14:01:00.000Z,zone-d,humidity,55.9
2024-03-07T16:01:00.000Z,zone-a,pressure,992.5
2024-03-07T16:03:00.000Z,zone-c,pressure,990.8
2024-03-07T16:12:00.000Z,zone-c,light,674.8
2024-03-07T16:56:00.000Z,zone-c,humidity,37.5
2024-03-07T17:00:00.000Z,zone-d,light,891.3
2024-03-07T17:29:00.000Z,zone-b,humidity,66.2
2024-03-07T18:39:00.000Z,zone-b,pressure,1007.7
2024-03-07T19:34:00.000Z,zone-b,light,265.5
2024-03-07T20:10:00.000Z,zone-b,temperature,27.9
2024-03-07T21:02:00.000Z,zone-d,temperature,25.3
2024-03-07T21:20:00.000Z,zone-a,humidity,61.6
2024-03-07T23:47:00.000Z,zone-a,light,613.4
2024-03-08T02:19:00.000Z,zone-a,pressure,1010.5
2024-03-08T03:41:00.000Z,zone-c,humidity,75.6
2024-03-08T04:00:00.000Z,zone-d,light,206.8
2024-03-08T04:15:00.000Z,zone-c,temperature,15.8
2024-03-08T06:16:00.000Z,zone-a,temperature,28.8
2024-03-08T07:03:00.000Z,zone-d,pressure,996.3
2024-03-08T07:48:00.000Z,zone-b,humidity,56.5
2024-03-08T11:39:00.000Z,zone-d,humidity,60.4
2024-03-08T12:52:00.000Z,zone-c,light,273.5
2024-03-08T18:26:00.000Z,zone-c,pressure,1001.7
2024-03-08T19:07:00.000Z,zone-d,light,476.8
2024-03-08T19:11:00.000Z,zone-a,temperature,21.6
2024-03-08T20:49:00.000Z,zone-b,humidity,51.7
2024-03-08T23:05:00.000Z,zone-d,humidity,58.4
2024-03-08T23:52:00.000Z,zone-b,pressure,1010.7
2024-03-09T03:16:00.000Z,zone-a,pressure,1006.4
2024-03-09T04:00:00.000Z,zone-c,light,293.7
2024-03-09T04:59:00.000Z,zone-d,pressure,1006
2024-03-09T05:52:00.000Z,zone-b,temperature,28.5
2024-03-09T07:17:00.000Z,zone-a,light,158.6
2024-03-09T08:44:00.000Z,zone-c,pressure,1007.5
2024-03-09T13:46:00.000Z,zone-c,temperature,15.5
2024-03-09T15:06:00.000Z,zone-d,temperature,31
2024-03-09T15:42:00.000Z,zone-c,humidity,38.8
2024-03-09T17:22:00.000Z,zone-a,humidity,63.3
2024-03-09T17:46:00.000Z,zone-b,light,536.5
2024-03-09T19:10:00.000Z,zone-c,light,429.4
2024-03-09T19:42:00.000Z,zone-b,humidity,79.4
2024-03-09T19:59:00.000Z,zone-c,humidity,59.5
2024-03-09T21:14:00.000Z,zone-d,humidity,31.2
2024-03-09T21:23:00.000Z,zone-c,pressure,1009.2
2024-03-09T21:38:00.000Z,zone-d,temperature,21.7
2024-03-09T23:14:00.000Z,zone-d,pressure,1009
2024-03-10T02:06:00.000Z,zone-a,humidity,37.5
2024-03-10T03:20:00.000Z,zone-b,light,229
2024-03-10T03:38:00.000Z,zone-a,pressure,1018
2024-03-10T05:32:00.000Z,zone-a,light,204.7
2024-03-10T05:50:00.000Z,zone-b,pressure,1000.3
2024-03-10T09:17:00.000Z,zone-c,temperature,26.1
2024-03-10T09:20:00.000Z,zone-b,temperature,17
2024-03-10T09:53:00.000Z,zone-d,light,708.4
2024-03-10T17:53:00.000Z,zone-a,temperature,25.1
2024-03-10T22:37:00.000Z,zone-c,temperature,30
2024-03-10T23:46:00.000Z,zone-b,pressure,1011.7
2024-03-10T23:47:00.000Z,zone-d,temperature,23.3
2024-03-11T02:21:00.000Z,zone-d,humidity,36
2024-03-11T04:08:00.000Z,zone-d,light,139.2
2024-03-11T06:41:00.000Z,zone-a,temperature,28
2024-03-11T06:47:00.000Z,zone-b,light,160.2
2024-03-11T08:50:00.000Z,zone-c,humidity,41.3
2024-03-11T09:47:00.000Z,zone-b,temperature,25.6
2024-03-11T13:46:00.000Z,zone-d,pressure,1009.1
2024-03-11T13:47:00.000Z,zone-a,humidity,46.4
2024-03-11T14:35:00.000Z,zone-b,humidity,33.6
2024-03-11T15:28:00.000Z,zone-c,light,687
2024-03-11T15:43:00.000Z,zone-a,light,494.7
2024-03-11T15:48:00.000Z,zone-c,pressure,1003.4
2024-03-11T16:13:00.000Z,zone-a,pressure,1010.8
2024-03-11T20:16:00.000Z,zone-b,pressure,1008.2
2024-03-11T20:25:00.000Z,zone-a,pressure,994
2024-03-11T20:28:00.000Z,zone-d,light,200.3
2024-03-12T00:29:00.000Z,zone-c,humidity,59.4
2024-03-12T04:41:00.000Z,zone-b,temperature,30.3
2024-03-12T05:33:00.000Z,zone-a,temperature,17.7
2024-03-12T05:54:00.000Z,zone-b,humidity,75.9
2024-03-12T09:15:00.000Z,zone-b,light,118.8
2024-03-12T09:31:00.000Z,zone-a,light,515.6
2024-03-12T11:20:00.000Z,zone-d,temperature,22.6
2024-03-12T11:56:00.000Z,zone-c,light,177.2
2024-03-12T13:49:00.000Z,zone-c,temperature,32.1
2024-03-12T13:54:00.000Z,zone-d,humidity,30.8
2024-03-12T16:17:00.000Z,zone-d,pressure,1016.7
2024-03-12T16:45:00.000Z,zone-a,humidity,31.8
2024-03-12T18:12:00.000Z,zone-c,pressure,1002.4
2024-03-12T18:45:00.000Z,zone-b,humidity,50.1
2024-03-12T19:45:00.000Z,zone-a,light,749.9
2024-03-12T20:09:00.000Z,zone-b,temperature,20.4
2024-03-12T20:33:00.000Z,zone-d,humidity,62.8
2024-03-12T21:07:00.000Z,zone-c,temperature,32.1
2024-03-12T23:59:00.000Z,zone-d,pressure,1001.9
2024-03-13T03:20:00.000Z,zone-d,temperature,34
2024-03-13T05:29:00.000Z,zone-c,pressure,993.6
2024-03-13T06:45:00.000Z,zone-c,light,353.1
2024-03-13T07:31:00.000Z,zone-a,humidity,63.8
2024-03-13T09:08:00.000Z,zone-c,humidity,67
2024-03-13T09:27:00.000Z,zone-b,pressure,993.5
2024-03-13T09:57:00.000Z,zone-a,temperature,29.1
2024-03-13T10:44:00.000Z,zone-b,light,546.1
2024-03-13T13:11:00.000Z,zone-a,pressure,1005.5
2024-03-13T15:06:00.000Z,zone-d,light,150.9
2024-03-13T18:33:00.000Z,zone-d,humidity,55.6
2024-03-13T21:22:00.000Z,zone-c,light,799.7
2024-03-14T00:55:00.000Z,zone-b,light,484.8
2024-03-14T04:06:00.000Z,zone-b,temperature,17.3
2024-03-14T06:18:00.000Z,zone-c,temperature,18.3
2024-03-14T07:17:00.000Z,zone-b,humidity,60.1
2024-03-14T07:48:00.000Z,zone-a,light,356.3
2024-03-14T09:12:00.000Z,zone-c,pressure,1016.8
2024-03-14T09:35:00.000Z,zone-c,humidity,39.9
2024-03-14T09:59:00.000Z,zone-a,pressure,992.3
2024-03-14T11:16:00.000Z,zone-a,humidity,58
2024-03-14T11:39:00.000Z,zone-b,pressure,997.1
2024-03-14T13:52:00.000Z,zone-d,light,733.8
2024-03-14T15:25:00.000Z,zone-d,pressure,1007.2
2024-03-14T17:45:00.000Z,zone-d,temperature,33.1
2024-03-14T17:57:00.000Z,zone-a,temperature,26.2
2024-03-14T18:54:00.000Z,zone-d,light,474.2
2024-03-14T20:50:00.000Z,zone-b,light,594.7
2024-03-14T20:52:00.000Z,zone-c,temperature,15
2024-03-14T21:03:00.000Z,zone-c,light,289.1
2024-03-14T22:02:00.000Z,zone-d,temperature,30
2024-03-14T22:19:00.000Z,zone-c,pressure,991.8
2024-03-15T01:46:00.000Z,zone-b,temperature,21.3
2024-03-15T03:34:00.000Z,zone-a,humidity,32.4
2024-03-15T04:40:00.000Z,zone-d,pressure,1009.6
2024-03-15T05:48:00.000Z,zone-a,pressure,993.7
2024-03-15T07:26:00.000Z,zone-a,temperature,31.6
2024-03-15T07:42:00.000Z,zone-d,humidity,56.8
2024-03-15T14:02:00.000Z,zone-c,humidity,33.8
2024-03-15T14:18:00.000Z,zone-b,pressure,993.1
2024-03-15T15:23:00.000Z,zone-b,humidity,45.8
2024-03-15T17:06:00.000Z,zone-a,light,275
2024-03-15T20:20:00.000Z,zone-c,temperature,26.9
2024-03-15T21:39:00.000Z,zone-a,humidity,38.7
2024-03-15T22:16:00.000Z,zone-c,humidity,36
2024-03-16T00:02:00.000Z,zone-d,humidity,62
2024-03-16T01:13:00.000Z,zone-b,light,344.1
2024-03-16T01:31:00.000Z,zone-a,pressure,1003.8
2024-03-16T02:41:00.000Z,zone-a,light,691.2
2024-03-16T04:16:00.000Z,zone-d,temperature,19.1
2024-03-16T06:15:00.000Z,zone-c,light,858.5
2024-03-16T07:53:00.000Z,zone-b,temperature,30.2
2024-03-16T10:37:00.000Z,zone-c,pressure,1011.8
2024-03-16T11:08:00.000Z,zone-d,light,659.3
2024-03-16T14:25:00.000Z,zone-d,pressure,1000.6
2024-03-16T15:02:00.000Z,zone-b,humidity,61.8
2024-03-16T15:45:00.000Z,zone-b,pressure,1014.1
2024-03-16T17:01:00.000Z,zone-a,temperature,29.3
2024-03-16T22:19:00.000Z,zone-a,light,329.1
2024-03-17T02:24:00.000Z,zone-d,pressure,1003.3
2024-03-17T03:43:00.000Z,zone-b,humidity,65.9
2024-03-17T04:20:00.000Z,zone-b,pressure,1010.3
2024-03-17T04:26:00.000Z,zone-c,humidity,69.1
2024-03-17T05:31:00.000Z,zone-b,light,587.9
2024-03-17T05:38:00.000Z,zone-a,pressure,999.9
2024-03-17T06:16:00.000Z,zone-a,humidity,34.9
2024-03-17T06:25:00.000Z,zone-d,temperature,16.6
2024-03-17T08:07:00.000Z,zone-d,light,819.3
2024-03-17T09:28:00.000Z,zone-c,light,332
2024-03-17T09:39:00.000Z,zone-a,temperature,30
2024-03-17T09:45:00.000Z,zone-b,temperature,30.8
2024-03-17T10:43:00.000Z,zone-c,temperature,24.3
2024-03-17T12:50:00.000Z,zone-c,pressure,1017.1
2024-03-17T13:23:00.000Z,zone-d,humidity,62.2
2024-03-17T18:51:00.000Z,zone-a,temperature,22
2024-03-17T21:04:00.000Z,zone-c,humidity,31.8
2024-03-17T21:16:00.000Z,zone-a,humidity,44.6
2024-03-17T23:46:00.000Z,zone-c,temperature,34.8
2024-03-18T00:07:00.000Z,zone-a,light,445.6
2024-03-18T00:19:00.000Z,zone-b,temperature,32.1
2024-03-18T00:55:00.000Z,zone-a,pressure,1019.4
2024-03-18T02:47:00.000Z,zone-b,pressure,1011.9
2024-03-18T03:58:00.000Z,zone-d,temperature,20.6
2024-03-18T06:51:00.000Z,zone-d,pressure,1019.1
2024-03-18T08:23:00.000Z,zone-b,humidity,79.5
2024-03-18T10:49:00.000Z,zone-b,light,482.2
2024-03-18T12:37:00.000Z,zone-d,humidity,41.8
2024-03-18T15:36:00.000Z,zone-d,light,403.5
2024-03-18T17:05:00.000Z,zone-c,pressure,1008.4
2024-03-18T17:30:00.000Z,zone-c,light,618.7
2024-03-18T19:51:00.000Z,zone-b,humidity,70.3
2024-03-18T22:16:00.000Z,zone-c,pressure,1000.2
2024-03-19T00:14:00.000Z,zone-a,light,381.3
2024-03-19T02:09:00.000Z,zone-a,temperature,27.1
2024-03-19T03:55:00.000Z,zone-c,humidity,66.7
2024-03-19T05:33:00.000Z,zone-b,light,644.3
2024-03-19T06:11:00.000Z,zone-a,pressure,1012.1
2024-03-19T07:51:00.000Z,zone-a,humidity,63.7
2024-03-19T08:18:00.000Z,zone-b,pressure,1011.8
2024-03-19T11:47:00.000Z,zone-b,temperature,24.7
2024-03-19T13:06:00.000Z,zone-c,temperature,15.2
2024-03-19T13:16:00.000Z,zone-c,light,784.4
2024-03-19T14:04:00.000Z,zone-d,temperature,34.3
2024-03-19T14:11:00.000Z,zone-d,light,263.1
2024-03-19T15:51:00.000Z,zone-d,pressure,991.3
2024-03-19T16:12:00.000Z,zone-d,humidity,67.4
2024-03-19T18:48:00.000Z,zone-b,pressure,1003.8
2024-03-19T19:52:00.000Z,zone-a,humidity,71.7
2024-03-19T22:42:00.000Z,zone-d,humidity,69
2024-03-20T00:11:00.000Z,zone-d,temperature,23.4
2024-03-20T00:32:00.000Z,zone-b,light,891.3
2024-03-20T05:01:00.000Z,zone-a,temperature,15.1
2024-03-20T07:27:00.000Z,zone-d,light,397.4
2024-03-20T09:19:00.000Z,zone-c,temperature,28.6
2024-03-20T10:01:00.000Z,zone-d,pressure,1002.9
2024-03-20T11:53:00.000Z,zone-a,pressure,999.2
2024-03-20T12:23:00.000Z,zone-b,temperature,34.7
2024-03-20T15:03:00.000Z,zone-c,pressure,995.1
2024-03-20T16:02:00.000Z,zone-c,light,681.4
2024-03-20T16:10:00.000Z,zone-a,light,517.3
2024-03-20T16:12:00.000Z,zone-c,humidity,64.9
2024-03-20T17:33:00.000Z,zone-b,humidity,49
2024-03-20T19:05:00.000Z,zone-a,temperature,30.5
2024-03-20T19:16:00.000Z,zone-c,humidity,46.1
2024-03-20T22:36:00.000Z,zone-a,pressure,995.5
2024-03-20T23:09:00.000Z,zone-d,humidity,42.6
2024-03-21T01:58:00.000Z,zone-b,humidity,50.6
2024-03-21T03:28:00.000Z,zone-a,humidity,73.8
2024-03-21T07:28:00.000Z,zone-d,pressure,1004.5
2024-03-21T09:29:00.000Z,zone-c,light,514.6
2024-03-21T11:36:00.000Z,zone-b,temperature,33.3
2024-03-21T11:46:00.000Z,zone-d,light,226.1
2024-03-21T15:08:00.000Z,zone-b,pressure,1011
2024-03-21T15:09:00.000Z,zone-c,temperature,19.6
2024-03-21T15:29:00.000Z,zone-b,light,658.6
2024-03-21T16:50:00.000Z,zone-c,pressure,995.3
2024-03-21T17:03:00.000Z,zone-a,light,363.1
2024-03-21T17:38:00.000Z,zone-d,temperature,29.1
2024-03-21T22:00:00.000Z,zone-d,pressure,1014.8
2024-03-21T23:27:00.000Z,zone-a,humidity,42
2024-03-21T23:46:00.000Z,zone-b,humidity,57.9
2024-03-22T00:01:00.000Z,zone-c,humidity,52.6
2024-03-22T01:12:00.000Z,zone-d,light,161.5
2024-03-22T01:22:00.000Z,zone-a,temperature,24.6
2024-03-22T03:20:00.000Z,zone-c,pressure,1018.1
2024-03-22T03:49:00.000Z,zone-b,light,257.9
2024-03-22T04:50:00.000Z,zone-a,pressure,999.5
2024-03-22T11:22:00.000Z,zone-a,light,655.2
2024-03-22T11:46:00.000Z,zone-d,temperature,32.6
2024-03-22T12:29:00.000Z,zone-b,pressure,1018.9
2024-03-22T15:42:00.000Z,zone-c,light,705.5
2024-03-22T16:17:00.000Z,zone-b,temperature,33.6
2024-03-22T16:54:00.000Z,zone-d,humidity,44.1
2024-03-22T18:04:00.000Z,zone-c,temperature,28.9
2024-03-22T18:51:00.000Z,zone-d,pressure,1016
2024-03-22T19:58:00.000Z,zone-c,light,564.6
2024-03-22T21:46:00.000Z,zone-b,pressure,1018.4
2024-03-22T22:49:00.000Z,zone-c,temperature,26.7
2024-03-23T02:20:00.000Z,zone-c,pressure,1015.9
2024-03-23T03:40:00.000Z,zone-b,light,633
2024-03-23T04:28:00.000Z,zone-a,temperature,25.6
2024-03-23T07:58:00.000Z,zone-d,humidity,39.4
2024-03-23T09:12:00.000Z,zone-a,pressure,1009.2
2024-03-23T09:16:00.000Z,zone-b,humidity,33.3
2024-03-23T09:29:00.000Z,zone-d,light,699
2024-03-23T09:33:00.000Z,zone-c,humidity,45.9
2024-03-23T10:07:00.000Z,zone-d,temperature,24.1
2024-03-23T10:09:00.000Z,zone-a,humidity,39.9
2024-03-23T16:51:00.000Z,zone-b,temperature,17.4
2024-03-23T18:10:00.000Z,zone-a,light,678.5
2024-03-23T18:37:00.000Z,zone-b,pressure,991.3
2024-03-23T21:50:00.000Z,zone-c,temperature,18.7
2024-03-24T00:43:00.000Z,zone-c,humidity,69
2024-03-24T00:51:00.000Z,zone-c,light,633.4
2024-03-24T01:50:00.000Z,zone-a,temperature,21.1
2024-03-24T03:37:00.000Z,zone-d,humidity,43.3
2024-03-24T03:47:00.000Z,zone-a,light,309.1
2024-03-24T04:29:00.000Z,zone-b,light,478.7
2024-03-24T06:19:00.000Z,zone-a,humidity,54.1
2024-03-24T06:46:00.000Z,zone-c,pressure,1014.3
2024-03-24T07:44:00.000Z,zone-b,temperature,27.9
2024-03-24T08:03:00.000Z,zone-a,pressure,1008.7
2024-03-24T11:41:00.000Z,zone-d,light,453
2024-03-24T12:03:00.000Z,zone-d,temperature,33.8
2024-03-24T13:41:00.000Z,zone-d,pressure,997
2024-03-24T14:26:00.000Z,zone-b,humidity,75.1
2024-03-24T21:25:00.000Z,zone-b,humidity,44.3
2024-03-24T21:34:00.000Z,zone-d,light,831.1
2024-03-24T21:40:00.000Z,zone-b,temperature,24.3
2024-03-24T21:47:00.000Z,zone-a,humidity,38.8
2024-03-24T22:13:00.000Z,zone-b,pressure,1018.9
2024-03-24T22:52:00.000Z,zone-d,humidity,36.4
2024-03-24T23:43:00.000Z,zone-c,pressure,1015.9
2024-03-25T00:12:00.000Z,zone-a,temperature,18.8
2024-03-25T03:18:00.000Z,zone-b,light,494.6
2024-03-25T04:21:00.000Z,zone-c,humidity,56
2024-03-25T05:07:00.000Z,zone-c,light,823.6
2024-03-25T05:12:00.000Z,zone-a,light,788.9
2024-03-25T08:23:00.000Z,zone-c,temperature,15.2
2024-03-25T08:58:00.000Z,zone-d,temperature,27.2
2024-03-25T14:52:00.000Z,zone-a,pressure,1013.1
2024-03-25T18:02:00.000Z,zone-d,pressure,996.7
2024-03-25T21:03:00.000Z,zone-c,temperature,33.9
2024-03-25T21:38:00.000Z,zone-b,temperature,34.7
2024-03-25T22:23:00.000Z,zone-b,humidity,31.7
2024-03-25T22:36:00.000Z,zone-c,light,697.2
2024-03-25T23:42:00.000Z,zone-b,light,679.2
2024-03-25T23:49:00.000Z,zone-c,humidity,64.6
2024-03-26T00:49:00.000Z,zone-d,humidity,41.1
2024-03-26T04:29:00.000Z,zone-a,humidity,69.8
2024-03-26T04:41:00.000Z,zone-d,temperature,19.8
2024-03-26T10:32:00.000Z,zone-a,temperature,19
2024-03-26T10:35:00.000Z,zone-b,pressure,1018.8
2024-03-26T12:32:00.000Z,zone-a,pressure,992.8
2024-03-26T12:56:00.000Z,zone-d,light,218.6
2024-03-26T14:36:00.000Z,zone-a,light,172.8
2024-03-26T14:59:00.000Z,zone-c,pressure,1015.6
2024-03-26T17:01:00.000Z,zone-d,pressure,993.8
2024-03-26T18:48:00.000Z,zone-b,light,512.9
2024-03-26T19:48:00.000Z,zone-b,humidity,40.7
2024-03-26T20:30:00.000Z,zone-a,temperature,23.5
2024-03-26T22:11:00.000Z,zone-b,pressure,1003.1
2024-03-26T22:12:00.000Z,zone-d,light,233.5
2024-03-27T01:02:00.000Z,zone-c,humidity,58.1
2024-03-27T01:33:00.000Z,zone-d,temperature,32.9
2024-03-27T10:22:00.000Z,zone-c,pressure,1010
2024-03-27T12:46:00.000Z,zone-c,temperature,27.4
2024-03-27T13:27:00.000Z,zone-a,humidity,36.7
2024-03-27T14:05:00.000Z,zone-a,light,896.3
2024-03-27T14:50:00.000Z,zone-d,humidity,45.8
2024-03-27T14:57:00.000Z,zone-b,temperature,21.8
2024-03-27T16:54:00.000Z,zone-c,light,160.1
2024-03-27T18:01:00.000Z,zone-a,pressure,1019.7
2024-03-27T18:13:00.000Z,zone-d,pressure,992.1
2024-03-27T20:12:00.000Z,zone-d,pressure,1010.8
2024-03-27T21:14:00.000Z,zone-a,temperature,25.5
2024-03-27T22:27:00.000Z,zone-c,humidity,79.6
2024-03-27T23:54:00.000Z,zone-a,light,178
2024-03-28T02:26:00.000Z,zone-d,temperature,18.1
2024-03-28T04:30:00.000Z,zone-a,humidity,68.2
2024-03-28T04:47:00.000Z,zone-d,humidity,33.9
2024-03-28T05:58:00.000Z,zone-a,pressure,1005.3
2024-03-28T09:23:00.000Z,zone-b,pressure,1001.8
2024-03-28T09:32:00.000Z,zone-b,humidity,71.9
2024-03-28T11:35:00.000Z,zone-b,light,184.4
2024-03-28T14:15:00.000Z,zone-c,light,766.5
2024-03-28T14:28:00.000Z,zone-c,temperature,23.7
2024-03-28T15:03:00.000Z,zone-d,light,811.7
2024-03-28T15:17:00.000Z,zone-c,pressure,995.4
2024-03-28T18:02:00.000Z,zone-b,temperature,22
2024-03-28T19:21:00.000Z,zone-b,light,707.9
2024-03-28T20:42:00.000Z,zone-b,pressure,1019.2
2024-03-29T00:13:00.000Z,zone-d,light,666.2
2024-03-29T00:16:00.000Z,zone-d,humidity,61.2
2024-03-29T00:18:00.000Z,zone-a,pressure,1003.6
2024-03-29T00:47:00.000Z,zone-a,humidity,76.5
2024-03-29T01:40:00.000Z,zone-d,pressure,1004.9
2024-03-29T02:15:00.000Z,zone-b,humidity,31.1
2024-03-29T02:46:00.000Z,zone-a,temperature,34.5
2024-03-29T03:50:00.000Z,zone-c,humidity,79.3
2024-03-29T03:58:00.000Z,zone-a,light,173.2
2024-03-29T04:05:00.000Z,zone-c,pressure,991.4
2024-03-29T07:46:00.000Z,zone-c,temperature,31.7
2024-03-29T13:21:00.000Z,zone-c,light,332.3
2024-03-29T14:09:00.000Z,zone-d,temperature,22.2
2024-03-29T14:27:00.000Z,zone-b,temperature,24.6
2024-03-29T20:24:00.000Z,zone-b,pressure,994
2024-03-29T22:51:00.000Z,zone-d,temperature,24.9
2024-03-30T01:00:00.000Z,zone-d,humidity,34.4
2024-03-30T01:01:00.000Z,zone-a,pressure,1013.2
2024-03-30T03:00:00.000Z,zone-c,pressure,1014.3
2024-03-30T03:24:00.000Z,zone-b,humidity,57.3
2024-03-30T08:32:00.000Z,zone-c,temperature,20.1
2024-03-30T09:43:00.000Z,zone-a,temperature,24.5
2024-03-30T11:16:00.000Z,zone-c,humidity,30.9
2024-03-30T12:02:00.000Z,zone-b,temperature,26.4
2024-03-30T13:41:00.000Z,zone-d,light,137.9
2024-03-30T14:59:00.000Z,zone-b,light,340.2
2024-03-30T15:28:00.000Z,zone-d,pressure,999.2
2024-03-30T15:30:00.000Z,zone-c,light,696.4
2024-03-30T17:03:00.000Z,zone-a,humidity,48.6
2024-03-30T18:28:00.000Z,zone-a,light,612.2